key,section,node,order,speaker,translation

# ===== Level 1: Ryan (Sunny) | sets level_1 | ends level_1_complete =====
# --- intro: Ryan_1_intro ---
0da72197e898ebe1,L01 Ryan,Ryan_1_intro,1,Ryan,Kimse var mı?,
334d016f755cd6dc,L01 Ryan,Ryan_1_intro,2,Kobold,Merhaba!,
dfba3eb46cb5fc14,L01 Ryan,Ryan_1_intro,3,Ryan,Ah merhaba! şey..,
30985c07d735bdc3,L01 Ryan,Ryan_1_intro,4,Ryan,Buralarda bir yerde beni yıkayabilecek koboldların olduğu duydum da...,
08c8207cff7cb565,L01 Ryan,Ryan_1_intro,5,Ryan,Doğru yere mi geldim acaba?,
32cfb777c0a1ca30,L01 Ryan,Ryan_1_intro,6,Kobold,Mhm! <i>işte</i> o kobold ben oluyorum!,
eec1e26d3338868e,L01 Ryan,Ryan_1_intro,7,Kobold,"Evet doğru, Drag'n wash'a hoş geldiniz!",
b8e3a13e8da1caf6,L01 Ryan,Ryan_1_intro,8,Ryan,"Haha, gerçekten de öylesin!",
84f325bca745e504,L01 Ryan,Ryan_1_intro,9,Ryan/Alexander,Harika!,
line:6046bedf,L01 Ryan,Ryan_1_intro,9,Ryan,Harika!,
900e8c593033c189,L01 Ryan,Ryan_1_intro,10,Ryan,İsmim Ryan. Şey...,
092808653667e9ff,L01 Ryan,Ryan_1_intro,11,Ryan,içeri nasıl girebilirim?,
0f3f0b7e817061e6,L01 Ryan,Ryan_1_intro,12,Kobold,"Bekle bir saniye, bariyeri açmam lazım.",
b8a4a2d6c54c16d8,L01 Ryan,Ryan_1_intro,13,Kobold,İvit!,
273533e355fd12cf,L01 Ryan,Ryan_1_intro,14,Ryan,Ne dedin...?,
3faa3f1d46e0e544,L01 Ryan,Ryan_1_intro,15,Kobold,"Ah- şey... bariyeri açacağım!,"
ce6db45f1866ad91,L01 Ryan,Ryan_1_intro,16,Ryan,"Ha, şimdi çözdüm! İçerideki tuşu yeni görüyorum",
425d9584e840b683,L01 Ryan,Ryan_1_intro,17,Ryan,"Peki, burada bekliyor olacağım. Teşekkürler.",
# --- phone: Ryan_1_PhoneTutorial ---
9bb3073cec0eb0c7,L01 Ryan,Ryan_1_PhoneTutorial,1,Phone,"Alo, <i>'Drag'n wash franchise'ı 223'...</i> İlk müşterinle konuştun mu?",
276bc2be4d36787f,L01 Ryan,Ryan_1_PhoneTutorial,2,Kobold,Az önce konuştum!,
d3c6dd1cf6eefa2a,L01 Ryan,Ryan_1_PhoneTutorial,3,Kobold,Evet.,
38526f3244d3b009,L01 Ryan,Ryan_1_PhoneTutorial,4,Phone,"Ah, harika.",
ab5df625bc76dbd4,L01 Ryan,Ryan_1_PhoneTutorial,5,Phone/Ryan/Alexander/Conrad/Kobold,...,
line:7426a997,L01 Ryan,Ryan_1_PhoneTutorial,5,Phone,...,
4d4a3684433b7f10,L01 Ryan,Ryan_1_PhoneTutorial,6,Phone,Peki o zaman- Verimli bir gün dilerim.,
07c91bff06f38512,L01 Ryan,Ryan_1_PhoneTutorial,7,Phone,"Alo, <i>'Drag'n wash franchise'ı 223'...</i> Müşterilerle nasıl etkileşim kuracağını çözdün mü?",
3d08b37cdf5c2183,L01 Ryan,Ryan_1_PhoneTutorial,8,Kobold,Yok...,
01888febaebd67cd,L01 Ryan,Ryan_1_PhoneTutorial,9,Kobold,ama başaracağım!,
085283be600618d2,L01 Ryan,Ryan_1_PhoneTutorial,10,Phone,Ah...,
4ad86617a918d8ec,L01 Ryan,Ryan_1_PhoneTutorial,11,Phone,"O halde, pencereye git ve müşterinle konuş.",
af789b5c60f24630,L01 Ryan,Ryan_1_PhoneTutorial,12,Phone,Tabii ki daha sonra onları içeri alman gerek.,
bb645759b5bd99d4,L01 Ryan,Ryan_1_PhoneTutorial,13,Phone,Mükemmel. O zaman pencereye git ve müşterini selamla.,
474ab3afa218a5df,L01 Ryan,Ryan_1_PhoneTutorial,14,Kobold,Tamam!,
7d869361bdb13d98,L01 Ryan,Ryan_1_PhoneTutorial,15,Phone,Günün verimli geçsin.,
# --- progress: Ryan_1_required ---
098ac93ca7999f8c,L01 Ryan,Ryan_1_required,1,Ryan,Pekala lisanslı bir ejder yıkayıcısısın öyle mi?,
7b999e621945fe90,L01 Ryan,Ryan_1_required,2,Kobold,Hıhı!,
1cb7709c2b6cdc0b,L01 Ryan,Ryan_1_required,3,Kobold,İşe başladığım yalnızca birkaç hafta oldu!,
9b9024cada67653e,L01 Ryan,Ryan_1_required,4,Ryan,Oh öyle mi!,
fbd8fe3b49aed7c5,L01 Ryan,Ryan_1_required,5,Ryan,Ben de genelde işte evdeki hortumla idare ediyordum...,
3f742efbf9edb2ee,L01 Ryan,Ryan_1_required,6,Ryan,Oh ikimiz de çömeziz idesene!,
e6c276d67e994ed5,L01 Ryan,Ryan_1_required,7,Ryan,"Aslında, bunun ne kadar da iyi hissettirdiğine şaşırdım doğrusu.",
e99ba1a86146f1aa,L01 Ryan,Ryan_1_required,8,Ryan,Hayatın tüm o koşuşturmacası içerisinde hoş bir kaçış yolu.,
line:decf872a,L01 Ryan,Ryan_1_required,9,Ryan,...,
# --- nag: Ryan_1_nag ---
c2aa03c999eb7731,L01 Ryan,Ryan_1_nag,1,Ryan,Hey!,
5b798fca0ab51d6c,L01 Ryan,Ryan_1_nag,2,Ryan,Seni görebileceğim bir yere çıkarsan bir şey söyleyeceğim sana.,
# --- jerkoff: ryan_jerk_off_no ---
2e75bb6a3610c11b,L01 Ryan,ryan_jerk_off_no,1,Ryan,Heyy- Belki o ellerini başka zaman 'üzerime koyarsın'?,
# --- mount_start: ryan_mount_no ---
91c3bf04fb99ce8b,L01 Ryan,ryan_mount_no,1,Ryan,"Hm, sanırım bineği kullanmak istemiyorum.",
# --- outro: Ryan_1_Outro ---
0d26aa953ca02c41,L01 Ryan,Ryan_1_Outro,1,Ryan,Eminim tertemiz olmuşumdur!,
699cdec6a62f5ff3,L01 Ryan,Ryan_1_Outro,2,Ryan,Hortumla yıkanmaktan çok daha hoştu.,
c3bbf19f280c6dde,L01 Ryan,Ryan_1_Outro,3,Kobold,Rica ederim.,
66984a1e53d3e869,L01 Ryan,Ryan_1_Outro,4,Kobold,Mhm! Yine bekleriz.,
d629b0ed3f97727c,L01 Ryan,Ryan_1_Outro,6,Ryan,Bu mekanı başkalarına da tanıtacağım,
e12cf68db48908a3,L01 Ryan,Ryan_1_Outro,7,Ryan,Kesinlikle burayı unutmayacağım.,
29a9062b9b45c6ef,L01 Ryan,Ryan_1_Outro,8,Ryan,Haha. Asıl sana 'İvit!'.,
0712e97652e51758,L01 Ryan,Ryan_1_Outro,9,Ryan,"Neyse, iyi vakit geçirdim, görüşmek üzere!",
17f93a33eafe382c,L01 Ryan,Ryan_1_Outro,10,Ryan,Çıkmam için bariyeri açabilir misin?,
1aa7b1c1d5fb1fd6,L01 Ryan,Ryan_1_Outro,12,Ryan/Conrad/Kobold/Dragon,Sağ ol!,
line:b588bf4c,L01 Ryan,Ryan_1_Outro,12,Ryan,Teşekkürler!,

# ===== Level 2: Conrad (Sunny) =====
# --- intro: Conrad_Intro_1 ---
d391aece578e396f,L02 Conrad,Conrad_Intro_1,1,Conrad,"<gradient=""yellow - orange""><size=140%>HEY! </gradient><size=100%>Yıkanma yeri burası, değil mi?",
e2b71fbe0e3a8220,L02 Conrad,Conrad_Intro_1,2,Conrad,Pürüssüz olmalıyım. Senin işin de tam olarak bu herhalde. <size=70%> Doğru mu?,
198e07bd20a7e40b,L02 Conrad,Conrad_Intro_1,3,Kobold,"Mhm, bu taraftan.",
d474060b980dd4bb,L02 Conrad,Conrad_Intro_1,4,Kobold,Şöyle buyrun.,
6c70580a9b88273d,L02 Conrad,Conrad_Intro_1,5,Conrad,Hoş. Bariyeri açman lazım tabii. Conrad'i içeri al!,
# --- progress: Conrad_required_1 ---
87e002767e44df8e,L02 Conrad,Conrad_required_1,1,Conrad,Şe<size=90%>e<size=80%>e<size=70%>e<size=60%>y... <size=100%>Merak ediyordum da,
2d6d31d664759240,L02 Conrad,Conrad_required_1,2,Conrad,"Burası <i>mutlu sonla</i> biten mekanlardan, değil mi?",
906e9b3e20a54dc2,L02 Conrad,Conrad_required_1,3,Kobold,Buradaki tüm sonlar mutlu biter!,
c41cb150dfd261d8,L02 Conrad,Conrad_required_1,4,Kobold,Yani... cinsel şeyler mi?,
0c503978e6cd3a78,L02 Conrad,Conrad_required_1,5,Conrad,Aaa... Kastım aslında-,
c9ce0c4dd28236fa,L02 Conrad,Conrad_required_1,6,Conrad,"Benim gibi, <size=60%>büyük ejderleri<size=100%> de boşaltıyor musunuz burada?",
daac14e0bc00f0ad,L02 Conrad,Conrad_required_1,7,Kobold,Ha- Ne- <size=80%>oha. <size=60%>biz şey-,
824dda92c5ffbad9,L02 Conrad,Conrad_required_1,8,Kobold,"Oh, hayır.",
33cb9fb42cd6a080,L02 Conrad,Conrad_required_1,9,Conrad,Ne!? bu olamaz! Bineğiniz bile yok mu sizin...?,
96b0e7561e23fcbb,L02 Conrad,Conrad_required_1,10,Kobold,aaa... <size=60%>hayır?,
175ccc13192756d4,L02 Conrad,Conrad_required_1,11,Conrad,"O halde bir tane alsanız iyi olur!",
fcc67c51c62fb4e9,L02 Conrad,Conrad_required_1,12,Conrad,En azından hala ellerin iş görebilir. Heh.,
a29919179016a4e8,L02 Conrad,Conrad_required_1,13,Conrad,Öyle mi? Binek bile görmüyorum ben buradan.,
6ec80eb8deb5afd8,L02 Conrad,Conrad_required_1,14,Kobold,"Ya... ni, bizde ondan yok.,"
22706d3faee3b165,L02 Conrad,Conrad_required_1,15,Kobold,"Hayır, burada o tarz şeyler sunmuyoruz.",
4a8d1297fbe8f246,L02 Conrad,Conrad_required_1,16,Conrad,Ah be yazık oldu. Bunu değiştirseniz iyi olur.,
# --- jerkoff: Conrad_1_JerkOff_Start ---
6d4db2b6b39822b2,L02 Conrad,Conrad_1_JerkOff_Start,1,Conrad,Oh işte böyle.,
8fc6411ffc04a8f3,L02 Conrad,Conrad_1_JerkOff_Start,2,Conrad,Devam et.,
# --- cum: Conrad_1_Cum ---
e51f82fb1e4773ad,L02 Conrad,Conrad_1_Cum,1,Conrad,<size=140%> SİKTİR!,
6d721d6e2ad2ae1c,L02 Conrad,Conrad_1_Cum,2,Conrad,<size=100%> Fena iyi hissettirdi!,
# --- mount_start: conrad_mount_no ---
b902443f60bdba87,L02 Conrad,conrad_mount_no,1,Conrad,Ooh. Aaa.,
ccdcfc48472b3533,L02 Conrad,conrad_mount_no,2,Conrad,"Normalde bineği geri çevirmem ama bu seferlik kalsın",
# --- outro: Conrad_Outro_1 ---
2edaf16ee5b742a8,L02 Conrad,Conrad_Outro_1,1,Conrad,Temizlik fena değildi.,
882508b81f97e7cf,L02 Conrad,Conrad_Outro_1,2,Conrad,Ama gittiğim diğer tüm yıkamalarda en azından binek vardı,
51335374627e92a3,L02 Conrad,Conrad_Outro_1,3,Kobold,Üzgünüm...,
598e348ffe7cc978,L02 Conrad,Conrad_Outro_1,4,Kobold,Söz veriyorum bir tane alacağım!,
3eba607f0573bf98,L02 Conrad,Conrad_Outro_1,5,Conrad,Özür dileme! Git bir binek al!,
4e52b9a8b0ae1335,L02 Conrad,Conrad_Outro_1,6,Conrad,Kendine saygısı olan tüm temizlikçiler bir ejderi nasıl tatmin edeceğini bilir.,
25d0b6008550c533,L02 Conrad,Conrad_Outro_1,7,Kobold,Tamam. Binek sipariş vereceğim.,
2e92d12d86bf03a5,L02 Conrad,Conrad_Outro_1,8,Conrad,"İyi. 'Neyse, çıkar beni artık.",
426726c5d08284a8,L02 Conrad,Conrad_Outro_1,9,Conrad,"Peki, öyle yapsan iyi olur. Eğer buraya geldiğimde bir tane bile görmezsem...",
28c3830dac3b9c5b,L02 Conrad,Conrad_Outro_1,10,Kobold,Bu bir tehdit mi...?,
fac432bdcfb4b753,L02 Conrad,Conrad_Outro_1,11,Conrad,"Aaa, hayır, sadece çok FENA kırılırım.",
ee7433c3dd161b65,L02 Conrad,Conrad_Outro_1,12,Conrad,Her neyse- Çıkar beni.,

# ===== Level 3: Alexander (Sunny) =====
# --- intro: Alexander_1_intro ---
dbca31128a900488,L03 Alexander,Alexander_1_intro,1,Alexander,"İyi akşamlar. Bu işletme randevusuz da ejder kabul ediyor, doğru mudur?",
a6208f4370193b60,L03 Alexander,Alexander_1_intro,2,Kobold,Evet ediyoruz! Siz... üniversiteden misiniz...?,
fdf9d60aca05c19e,L03 Alexander,Alexander_1_intro,4,Alexander,"Öyleyim, sorgucumdan çıkarmış olmalısın! Simya öğretiyorum.",
12456a9c2599222e,L03 Alexander,Alexander_1_intro,5,Alexander,... Daha doğrusu yakında bir sınıfa öğretiyor olacağım.,
cccd2e909950ad59,L03 Alexander,Alexander_1_intro,6,Alexander,Mükemmel.,
f5b90500599eaa0a,L03 Alexander,Alexander_1_intro,7,Alexander,"Çabucak bitmesini istiyorum, öğrenciler kendi başlarına ders veremezler.",
26f8788d21d9fd7d,L03 Alexander,Alexander_1_intro,8,Kobold,Vay be... Daha önce hiç öğretmen bir ejderi yıkamamıştım.,
7cc55c8bb6442b93,L03 Alexander,Alexander_1_intro,9,Kobold,"Tamam, bariyeri açıyorum!",
c9b9bda16ee1d468,L03 Alexander,Alexander_1_intro,10,Alexander,"Öğretim görevlisi- ama haklısın, herkese açık yerlerde yıkanmaya genelde gitmiyorum.",
8569efc4ed5a6273,L03 Alexander,Alexander_1_intro,11,Alexander/Ryan,Teşekkür ederim.,
line:836d1b13,L03 Alexander,Alexander_1_intro,11,Alexander,Teşekkür ederim.,
57c2b1f349d8b9e9,L03 Alexander,Alexander_1_intro,12,Alexander,"Oh, ayriyetten bu denli pis olduğum için de özür diliyorum.",
c44510120d3f5f7e,L03 Alexander,Alexander_1_intro,13,Alexander,Halim pişman olunası...,
550840616bc8148d,L03 Alexander,Alexander_1_intro,14,Kobold,O kadar da... pis değilsin.,
21e1f6bc71429bdb,L03 Alexander,Alexander_1_intro,15,Kobold,Sorun değil. Senin için yolu açayım!,
14ddfac745bc0ec3,L03 Alexander,Alexander_1_intro,16,Alexander,"Hayır, öyleyim.",
line:4da86a7a,L03 Alexander,Alexander_1_intro,17,Alexander,...,
65b94d53036df4ac,L03 Alexander,Alexander_1_intro,18,Alexander,Bariyeri rica edersem açar mısın?,
f602395a77ff68c4,L03 Alexander,Alexander_1_intro,19,Kobold,Oh. Pardon. Üzgünüm.,
# --- progress: Alexander_1_required ---
8bb197f659df9e12,L03 Alexander,Alexander_1_required,1,Alexander,Biliyor musun... Bu ortam gayet hoşmuş. Bayağı... proleterya.,
c3971608b1a13f1b,L03 Alexander,Alexander_1_required,2,Kobold,pro- <i><size=70%>ney?,
3afdda2c098fc834,L03 Alexander,Alexander_1_required,3,Kobold/Alexander/Ryan,Teşekkür ederim!,
line:8512365e,L03 Alexander,Alexander_1_required,3,Kobold,Teşekkür ederim!,
90d6678c9549b1e0,L03 Alexander,Alexander_1_required,4,Alexander,"Oh, yani... işçi sınıfı?",
55c80016618e1bc5,L03 Alexander,Alexander_1_required,5,Alexander,"Üzgünüm, sadece yıkaman hoşuma gidiyor demek istedim.",
02fa2a9691178177,L03 Alexander,Alexander_1_required,6,Alexander,Tabii ki,
32e117cdd1f56f3f,L03 Alexander,Alexander_1_required,7,Alexander,Hemen buracıkta halka açık bu tarz yerlerin var olduğunu kim bilebilirdi ki!,
# --- jerkoff: alexander_jerk_off_no ---
f33ca08a17779409,L03 Alexander,alexander_jerk_off_no,1,Alexander,<i>Oh.</i> Buna şu anlık hazır olduğumu sanmıyorum.,
# --- mount_start: alexander_mount_no ---
170ebd10775afd58,L03 Alexander,alexander_mount_no,1,Alexander,Bunu... bugün kullanmak isteyeceğimden emin değilim.,
# --- outro: Alexander_1_Outro ---
d202075090a8960b,L03 Alexander,Alexander_1_Outro,1,Alexander,"Yalan söyleyemeyeceğim, özel bir temizlikçi olarak iyi iş çıkardın.",
b6069e62e167364f,L03 Alexander,Alexander_1_Outro,3,Kobold,"Mmmhm, her zaman elimden geleni yaparım.",
981447d1952fe850,L03 Alexander,Alexander_1_Outro,4,Alexander,"Haha, 'İvit' tabii ki.",
5d7279822bcee7dd,L03 Alexander,Alexander_1_Outro,5,Alexander,Öğrencilerim senin iş etiğinden bir ya da iki şey öğrenebilirler!,
8117291ab8529b4f,L03 Alexander,Alexander_1_Outro,6,Alexander,"Gerçekten daha fazla sohbet etmek isterdim ama yakında dersim başlıyor.",
dae0c0aa3ae01c37,L03 Alexander,Alexander_1_Outro,7,Alexander,...Yaptıkların için teşekkür ederim.,

# ===== Level 4: Ryan (Sunny) =====
# --- intro: Ryan_2_intro ---
7825d92f67bdcdef,L04 Ryan,Ryan_2_intro,1,Ryan,Hi again!,
cd26586143766826,L04 Ryan,Ryan_2_intro,2,Kobold,"Hi, Ryan!",
6a67a8866ec70c09,L04 Ryan,Ryan_2_intro,4,Ryan,"Hey there, happy to be back.",
921bd4effdaa2a2f,L04 Ryan,Ryan_2_intro,5,Ryan,Hah... you do like that noise.,
387d0da740d0826e,L04 Ryan,Ryan_2_intro,6,Ryan,I'm in need of another wash.,
e542b800ecfc350a,L04 Ryan,Ryan_2_intro,7,Ryan,I'm trying to get away from the house for a bit.,
78b22bcc76942425,L04 Ryan,Ryan_2_intro,8,Ryan,I went out with some friends.,
21abbb56e463a200,L04 Ryan,Ryan_2_intro,9,Ryan,The markers were fun.,
da3405e1151a476e,L04 Ryan,Ryan_2_intro,10,Ryan,But I think its time to get cleaned up.,
41dc14e2cd744b1b,L04 Ryan,Ryan_2_intro,11,Kobold,"Oh, sure. Come on in.",
b231225bfcc08d4c,L04 Ryan,Ryan_2_intro,12,Kobold,Is everything okay?,
056b5511850d7220,L04 Ryan,Ryan_2_intro,13,Ryan,"Okay, thank you.",
b4e4d893367947a0,L04 Ryan,Ryan_2_intro,14,Ryan,Yeah It's fine. Sorry.,
c9cdea9d31e53d5b,L04 Ryan,Ryan_2_intro,15,Ryan,Just a rough day. Hoping this helps!,
line:e9d40a5c,L04 Ryan,Ryan_2_intro,16,Ryan,...,
ab74167fe23c9db5,L04 Ryan,Ryan_2_intro,17,Ryan,"So uh, gate?",
5cbc0ceea57587db,L04 Ryan,Ryan_2_intro,18,Kobold,Oh- Ya. On it.,
08411b780900fb59,L04 Ryan,Ryan_2_intro,19,Kobold,Of course. One moment!,
a386908e3024f35e,L04 Ryan,Ryan_2_intro,20,Ryan,Awesome.,
# --- progress: Ryan_2_required ---
580684f8909e025d,L04 Ryan,Ryan_2_required,1,Ryan,Hey.,
b4eff799a0271863,L04 Ryan,Ryan_2_required,2,Kobold,Hm?,
fad448038cd06268,L04 Ryan,Ryan_2_required,3,Kobold,Whats up?,
a1dd2ff2d1ef6beb,L04 Ryan,Ryan_2_required,4,Ryan,Can I ask you a question?,
2acd4405a7f14ae3,L04 Ryan,Ryan_2_required,5,Kobold,"You already are, whats up?",
c10c037156053bfe,L04 Ryan,Ryan_2_required,6,Kobold,Sure.,
4f6d869aa239596c,L04 Ryan,Ryan_2_required,7,Ryan,"Oh, right. Sorry.",
0fa0dff561f86016,L04 Ryan,Ryan_2_required,8,Ryan,"So, with... relationships.",
9a38b89ed035e464,L04 Ryan,Ryan_2_required,9,Ryan,If a relationship is <i>so</i> bumpy and you know its going to end.,
9b943020b9ae2658,L04 Ryan,Ryan_2_required,10,Ryan,And you've tried everything.,
line:695ef750,L04 Ryan,Ryan_2_required,11,Ryan,...,
954ba66a076849a5,L04 Ryan,Ryan_2_required,12,Ryan,When do you actually end the relationship?,
f173e528733bb05a,L04 Ryan,Ryan_2_required,13,Kobold,Aw- Ryan...,
7b102f547a549072,L04 Ryan,Ryan_2_required,14,Kobold,I'm... not sure I can answer that for you.,
d74bb8fcbf89b62a,L04 Ryan,Ryan_2_required,15,Ryan,I know. I know I shouldn't be dumping this on you.,
64973f6ac9ac08be,L04 Ryan,Ryan_2_required,16,Ryan,You're just a very comfortable person to be around.,
93fa9e1a16f34a7d,L04 Ryan,Ryan_2_required,17,Ryan,You're right... Theres no way you could.,
797653f5e081152e,L04 Ryan,Ryan_2_required,18,Ryan,I'm just happy I don't feel judged here.,
b11d41e01fefb995,L04 Ryan,Ryan_2_required,20,Kobold,Thanks. I like being around you too.,
c6df1e087ef5d8e4,L04 Ryan,Ryan_2_required,21,Kobold,I hope things get better.,
ebb96171ea7628a0,L04 Ryan,Ryan_2_required,22,Ryan/Kobold/Alexander,I'm glad.,
line:286fec49,L04 Ryan,Ryan_2_required,22,Ryan,I'm glad.,
91c0e3e9014024af,L04 Ryan,Ryan_2_required,23,Ryan,me too.,
# --- outro: Ryan_2_Outro ---
cb57ee6155ed6ca5,L04 Ryan,Ryan_2_Outro,1,Ryan,Alrighty. All clean.,
f6d370e531334fab,L04 Ryan,Ryan_2_Outro,2,Ryan,I'm sorry for dumping that all on you earlier.,
a402a75e0522e087,L04 Ryan,Ryan_2_Outro,3,Kobold,It's okay!,
94e0ea6f97e24a81,L04 Ryan,Ryan_2_Outro,4,Kobold,I know things can be tough.,
4f66abc45de7ff53,L04 Ryan,Ryan_2_Outro,5,Ryan/Alexander,You're very sweet.,
line:15f55959,L04 Ryan,Ryan_2_Outro,5,Ryan,You're very sweet.,
ee65a6c9748b539c,L04 Ryan,Ryan_2_Outro,6,Ryan,I wish it was easy as it is in movies.,
0e95dd9dae12e50e,L04 Ryan,Ryan_2_Outro,7,Kobold,"Come back whenever, Ryan.",
78c778b6ee0575d9,L04 Ryan,Ryan_2_Outro,8,Kobold,"If you wanna talk about it more, I've got a minute.",
f204fcc6b711621e,L04 Ryan,Ryan_2_Outro,9,Ryan,"I will, thanks.",
72eaafd8ad3f6b0d,L04 Ryan,Ryan_2_Outro,10,Ryan,You sure? It's not like... fun stuff.,
fe454a1e25772898,L04 Ryan,Ryan_2_Outro,11,Kobold,You're right. I shouldn't pry.,
513af1a2eeeef9b6,L04 Ryan,Ryan_2_Outro,12,Kobold,"It's okay, you sound like you need it.",
f3ff11acd1b54309,L04 Ryan,Ryan_2_Outro,13,Ryan,You're fine. Thank you.,
0b61ba409dc46906,L04 Ryan,Ryan_2_Outro,14,Ryan,"Yeah, you're right.",
5459b9d74fb7a529,L04 Ryan,Ryan_2_Outro,15,Ryan,So. My girlfriend was home before me. she's a work-from-home dragon.,
2cd54468954ee8c7,L04 Ryan,Ryan_2_Outro,16,Ryan,I got back home a bit dirty. And she yelled at me.,
f7e4ec27dd7d6527,L04 Ryan,Ryan_2_Outro,17,Ryan,"Told me to go to a wash, and was acting extremely offended.",
2880304176197c02,L04 Ryan,Ryan_2_Outro,18,Ryan,Was... <i>Really</i> upset I was muddy.,
250b97243d1df1f7,L04 Ryan,Ryan_2_Outro,19,Kobold,Is that why you came in the first time?,
bc78d04f7d5861dc,L04 Ryan,Ryan_2_Outro,20,Kobold,That sounds like an over-reaction on her part.,
08a70054f59e703a,L04 Ryan,Ryan_2_Outro,21,Ryan,Yeah...,
6079131a1c79adef,L04 Ryan,Ryan_2_Outro,22,Ryan,But honestly you've helped me a lot.,
92536deee525f694,L04 Ryan,Ryan_2_Outro,23,Ryan,Gave me time to think.,
c3be2f1d3fa4404d,L04 Ryan,Ryan_2_Outro,25,Ryan,That's what I thought too.,
9ebcf8a46cc189b7,L04 Ryan,Ryan_2_Outro,26,Ryan,I think she's upset about something else...,
8c3115a4e2a9a664,L04 Ryan,Ryan_2_Outro,27,Ryan,I just don't like that she takes it out on me.,
393d8e5925dc5937,L04 Ryan,Ryan_2_Outro,31,Ryan,Anyways-,
7258b4e037805024,L04 Ryan,Ryan_2_Outro,32,Ryan,Thank you for listening.,
951382e00968439d,L04 Ryan,Ryan_2_Outro,33,Kobold,"Anytime, Ryan.",
c41f39341b6c49ef,L04 Ryan,Ryan_2_Outro,34,Kobold,Of course. Sorry you're going through all this.,
line:6b245989,L04 Ryan,Ryan_2_Outro,35,Ryan,Thank you.,
553b3b011e56f6e2,L04 Ryan,Ryan_2_Outro,36,Ryan,It's okay. I'll figure something out.,
bd7468846a30d095,L04 Ryan,Ryan_2_Outro,37,Kobold,I'll go get the gate for you.,
a7f68522a6e41971,L04 Ryan,Ryan_2_Outro,38,Ryan,"Okay, bye!",

# ===== Level 5: Conrad (Rainy) | sets level_5 | ends MedkitCompleted, level_5_complete =====
# --- intro: Conrad_Intro_2 ---
ed1060b120921b51,L05 Conrad,Conrad_Intro_2,1,Conrad,You got a medkit?,
33b8a4a45ccc09d4,L05 Conrad,Conrad_Intro_2,2,Kobold,What happened!?,
0a1daca6a7ffe060,L05 Conrad,Conrad_Intro_2,3,Kobold,"Oh no, Conrad. are you okay?",
20e5d8710e635ec0,L05 Conrad,Conrad_Intro_2,4,Conrad,I don't need to tell you.,
20e7bf03f9acda80,L05 Conrad,Conrad_Intro_2,5,Conrad,"Now, do you have a medkit or not?",
b5df9715ed2e91ed,L05 Conrad,Conrad_Intro_2,6,Conrad,Do I look like I'm okay?,
b91e8be1b03d1b61,L05 Conrad,Conrad_Intro_2,7,Conrad,No. I'm not. Do you have a medkit or not?,
f974998c16103aa0,L05 Conrad,Conrad_Intro_2,8,Kobold,"Yeah, I've got one.",
8ca82a3bb03f138c,L05 Conrad,Conrad_Intro_2,9,Kobold,"I do. But, what happened?",
a94b34f629b2029a,L05 Conrad,Conrad_Intro_2,10,Conrad,Just... open the gate.,
# --- progress: Conrad_required_2 ---
4356fa179bb80e09,L05 Conrad,Conrad_required_2,1,Conrad,I'm such an idiot.,
d886f3d923f9c796,L05 Conrad,Conrad_required_2,2,Conrad,This is the kind of shit I try to avoid!,
ea8c1853a7d5966c,L05 Conrad,Conrad_required_2,3,Kobold,Do you want to say what happened...?,
bded00d07cb1e457,L05 Conrad,Conrad_required_2,4,Kobold,I'm sorry you got hurt...,
02f000041eb5ab82,L05 Conrad,Conrad_required_2,5,Conrad,Fuck no! Shit's embarrassing.,
line:4810891f,L05 Conrad,Conrad_required_2,6,Conrad,...,
58356b98fdf40dc3,L05 Conrad,Conrad_required_2,7,Conrad,I don't want your pitty!,
line:d90d368f,L05 Conrad,Conrad_required_2,8,Conrad,...,
cb7847cb63566364,L05 Conrad,Conrad_required_2,9,Conrad,It's just that...,
b48f291ebc6b18fe,L05 Conrad,Conrad_required_2,10,Conrad,I hate that I'm always getting into situations like this.,
519b07c299436f2a,L05 Conrad,Conrad_required_2,11,Conrad,It's starting to feel like it's <i>my</i> fault.,
f5ad489eeba50b01,L05 Conrad,Conrad_required_2,12,Kobold,"<i>This</i> isn't your fault, Conrad.",
6402f4608ceb7bbb,L05 Conrad,Conrad_required_2,13,Kobold,I'm really sorry you got hurt. Who did this?,
8e59613d6cd60464,L05 Conrad,Conrad_required_2,14,Conrad,I really think it was this time...,
7058e362e43623f0,L05 Conrad,Conrad_required_2,15,Conrad,This drake at the bar... I was stupid. Couldn't shut my mouth.,
ea289ebcdd7e81ef,L05 Conrad,Conrad_required_2,16,Conrad,Just some drake at the bar. Was stupid... Couldn't shut my mouth.,
aff317c06781bc70,L05 Conrad,Conrad_required_2,17,Conrad,I don't get it! Why do I have to act this way?,
da5eed4c72eb1073,L05 Conrad,Conrad_required_2,18,Kobold,Act what way?,
193bb66a944990a8,L05 Conrad,Conrad_required_2,19,Kobold,"I think you're pretty cool, Conrad.",
c69250ea092a7fcd,L05 Conrad,Conrad_required_2,20,Conrad,Like... An asshole? I know I'm miserable to be around.,
c2f21da58e28df4f,L05 Conrad,Conrad_required_2,21,Conrad,You're kind. It's more than I deserve.,
9c529e9f79f39a21,L05 Conrad,Conrad_required_2,22,Conrad,I'm an asshole. I know I am.,
4b7317a793a0f728,L05 Conrad,Conrad_required_2,23,Conrad,I'm sorry I snapped at you earlier.,
c4c0c9950baa723f,L05 Conrad,Conrad_required_2,24,Conrad,You don't deserve that.,
9fa8cd9193124e79,L05 Conrad,Conrad_required_2,25,Kobold,You're okay. You're clearly going through a lot.,
249133e0671a807b,L05 Conrad,Conrad_required_2,26,Kobold,It's fine.,
c61717fe95ec2b9c,L05 Conrad,Conrad_required_2,27,Conrad,Doesn't mean I need to yell at you.,
652daa6043287e1b,L05 Conrad,Conrad_required_2,28,Conrad,No more excuses.,
65b4e7b9caad6028,L05 Conrad,Conrad_required_2,29,Conrad,"No, it's not. No more excuses.",
334ade0356dff453,L05 Conrad,Conrad_required_2,30,Conrad,I need to be better. I <i>want </i>to be better.,
1d190e45e1ddc239,L05 Conrad,Conrad_required_2,31,Conrad,Just uhm... Don't tell anyone I'm saying all this.,
3969155d983b9b32,L05 Conrad,Conrad_required_2,32,Kobold,Your secret's safe with me.,
bd7f2cf961e397ca,L05 Conrad,Conrad_required_2,33,Kobold,I won't.,
0cd12abef67edc64,L05 Conrad,Conrad_required_2,34,Conrad,...Thanks.,
bbaef120c3a81475,L05 Conrad,Conrad_required_2,35,Conrad,And I'm glad you have a medkit... You're very prepared.,
# --- jerkoff: conrad_jerk_off_no ---
f81a53c29135dfa5,L05 Conrad,conrad_jerk_off_no,1,Conrad,Hey uh... Not now.,
# --- outro: Conrad_Outro_2 ---
7f9f3c8d0db46cbf,L05 Conrad,Conrad_Outro_2,1,Conrad,I already feel a lot better.,
d4a62b147d5a622b,L05 Conrad,Conrad_Outro_2,2,Kobold,physically or emotionally?,
line:42f5fd9d,L05 Conrad,Conrad_Outro_2,3,Kobold,I'm glad.,
0d49a74e82a2356a,L05 Conrad,Conrad_Outro_2,4,Conrad,Both.,
c38c5771c6cf6118,L05 Conrad,Conrad_Outro_2,5,Conrad/Ryan,I am too.,
line:d4c5faea,L05 Conrad,Conrad_Outro_2,5,Conrad,I am too.,
7e30c436a9112ecd,L05 Conrad,Conrad_Outro_2,6,Conrad,You're... cool.,
229bd072e07a3d53,L05 Conrad,Conrad_Outro_2,7,Conrad,I mean it. Really.,
ba15304b6e669701,L05 Conrad,Conrad_Outro_2,8,Kobold,I'm only doing what I think is right.,
1fb463b57138c081,L05 Conrad,Conrad_Outro_2,9,Kobold,I think you're cool too. Self improvement is hard.,
56c81331bdf0858e,L05 Conrad,Conrad_Outro_2,10,Conrad,I hope I can learn from that.,
3e2cb05f5d39c6e5,L05 Conrad,Conrad_Outro_2,11,Conrad,"Thanks, but I'll be better. I promise.",
8a3ca437a0d6d164,L05 Conrad,Conrad_Outro_2,12,Conrad,I'll get out of your scales...,
c90e3d1d20fadd0f,L05 Conrad,Conrad_Outro_2,13,Conrad,I'll make sure to come back.,

# ===== Level 6: Alexander (Night) | sets level_6_started =====
# --- intro: Alexander_2_intro ---
44aa15e695b4e0d5,L06 Alexander,Alexander_2_intro,1,Alexander,Thank the stars you're open.,
840851d0f7570dd9,L06 Alexander,Alexander_2_intro,2,Kobold,Alexander...?,
d786fe5166ed78b0,L06 Alexander,Alexander_2_intro,3,Kobold,Uhhhm we're not exactly.,
b5707c134254e827,L06 Alexander,Alexander_2_intro,4,Alexander,Yes. I'm in need of a clean. The situation is rather dire!,
5962824d5ad2d472,L06 Alexander,Alexander_2_intro,5,Alexander,This is a job only you can do.,
4006d568c80ab534,L06 Alexander,Alexander_2_intro,6,Alexander,I will pay double. Triple- This is a job only you can do!,
a17a2764777e0b60,L06 Alexander,Alexander_2_intro,7,Kobold,"Oh. Then yeah, we're open.",
1e5b9c4d7c7853fa,L06 Alexander,Alexander_2_intro,8,Alexander,Excellent!,
e36d5a8ffbc61b8c,L06 Alexander,Alexander_2_intro,9,Kobold,what happened?,
c43599f1e3538c5c,L06 Alexander,Alexander_2_intro,10,Kobold,why are you here so late?,
c63c466c3e28f286,L06 Alexander,Alexander_2_intro,11,Alexander,"My colleague, professor Igwyx, wished to use me as a platform.",
dfb6e95e4715f76e,L06 Alexander,Alexander_2_intro,12,Alexander,"I allowed him, as my stature provides ample height.",
9da4c08f2c9d94f9,L06 Alexander,Alexander_2_intro,13,Alexander,However...,
149351e2d565febf,L06 Alexander,Alexander_2_intro,14,Alexander,There was a fault in his method.,
b54a89ba26aaeaa1,L06 Alexander,Alexander_2_intro,15,Kobold,HE DIED!?,
0ee302086c5ae61a,L06 Alexander,Alexander_2_intro,16,Kobold,Where did he go...?,
2cc9a59ae14e4845,L06 Alexander,Alexander_2_intro,17,Alexander,what?,
3b20ece829b0bd68,L06 Alexander,Alexander_2_intro,18,Alexander,no.,
93f6d587969b0e78,L06 Alexander,Alexander_2_intro,19,Alexander,"After his spontaneous conflagration, I made sure to give him privacy.",
1d37ba6f405ce0fd,L06 Alexander,Alexander_2_intro,20,Alexander,His physical form is currently reconstituting in the staff lounge.,
27c227129d961114,L06 Alexander,Alexander_2_intro,21,Alexander,Every self respecting wizard has a phoenix feather handy.,
9e99fec970b38818,L06 Alexander,Alexander_2_intro,22,Kobold,Right. Phoenix feather. Obviously.,
0549826a698aad1c,L06 Alexander,Alexander_2_intro,23,Kobold,Okay. I'll open up shop. Give me a sec.,
9e85e9ab574cfc16,L06 Alexander,Alexander_2_intro,24,Alexander,I forget the ignorance of a layman. I apologize.,
359439ec513e7e35,L06 Alexander,Alexander_2_intro,25,Kobold,"Uh-huh, I'll go get the gate",
28fa9c1bb5161161,L06 Alexander,Alexander_2_intro,26,Alexander,Make haste! My reputation is on the line.,
# --- progress: Alexander_2_required ---
cc99c01887a9b5f1,L06 Alexander,Alexander_2_required,1,Alexander,I'm profoundly embarrassed by this whole ordeal.,
e33e953efb157171,L06 Alexander,Alexander_2_required,2,Kobold,It's no biggie. It sounds like everyone is fine.,
c054502c35602985,L06 Alexander,Alexander_2_required,3,Kobold,No need to be.,
98cbb728e5fb19f2,L06 Alexander,Alexander_2_required,4,Alexander,That was never a concern. I'm a rather risk averse dragon.,
c1d152bd1a4b22f1,L06 Alexander,Alexander_2_required,5,Alexander,That is rather kind of you to say.,
0da1bbeb76d9ef60,L06 Alexander,Alexander_2_required,6,Alexander,"However, My <i>image</i> is far more permanent than Igwyx's fleeting physical forms.",
54021b5f26568c41,L06 Alexander,Alexander_2_required,7,Alexander,That is the source of my worry...,
3a363409d3ae72f1,L06 Alexander,Alexander_2_required,8,Alexander,And why you are perfect for this job!,
# --- outro: Alexander_2_Outro ---
abc1043955962614,L06 Alexander,Alexander_2_Outro,1,Alexander,Perfectly clean again. Thank you for taking me in at this hour.,
2de23f0bdf3de327,L06 Alexander,Alexander_2_Outro,2,Kobold,Money... mmm...,
082cb158de32f2d9,L06 Alexander,Alexander_2_Outro,3,Kobold,No problem.,
374214d86f810d53,L06 Alexander,Alexander_2_Outro,4,Alexander,"Hah, it is a motivator.",
7ff22bb553842005,L06 Alexander,Alexander_2_Outro,5,Alexander,Not anymore at least!,
01b524bd7165a166,L06 Alexander,Alexander_2_Outro,6,Alexander,I never expected myself to confide such embarrassing things in someone.,
704866fd76bd9fb8,L06 Alexander,Alexander_2_Outro,7,Kobold,I'm always happy to help. <i><size=70%> especially a big dragon.,
dd573253630e8021,L06 Alexander,Alexander_2_Outro,8,Kobold,I'm glad you trust me.,
d6b066332b6d8b9a,L06 Alexander,Alexander_2_Outro,9,Alexander,I'm glad you derive enjoyment from this as well.,
762c20b866b7b263,L06 Alexander,Alexander_2_Outro,10,Alexander,Me too.,
5fc37d4eda289c06,L06 Alexander,Alexander_2_Outro,11,Alexander,I'm unsure why speaking with you is so easy.,
5a2661b79c536b73,L06 Alexander,Alexander_2_Outro,12,Alexander,Everyone's gaze carries an immense weight.,
0ddbb1a880fb5b54,L06 Alexander,Alexander_2_Outro,13,Alexander,Yours doesn't. It's nice.,
df9e3e9397757b17,L06 Alexander,Alexander_2_Outro,14,Kobold,Expectations are laaaame.,
5b4ce4081cac21b5,L06 Alexander,Alexander_2_Outro,15,Kobold,Just doing my job!,
1acd1b8d362287ec,L06 Alexander,Alexander_2_Outro,16,Alexander,That they are...,
cbbaf40d803468a2,L06 Alexander,Alexander_2_Outro,17,Alexander,You're good at it.,
line:3b568c14,L06 Alexander,Alexander_2_Outro,19,Alexander,Thank you.,

# ===== Level 7: Ryan (Sunny) =====
# --- intro: Ryan_3_intro ---
49e50c5be7d1583e,L07 Ryan,Ryan_3_intro,2,Kobold,Ryan!,
346181d6c9954315,L07 Ryan,Ryan_3_intro,3,Kobold,Welcome back!,
c1cff3dbff6bfce2,L07 Ryan,Ryan_3_intro,4,Ryan,That's me.,
03810482331af8e2,L07 Ryan,Ryan_3_intro,5,Ryan,Happy to be here.,
e1a42aae663ccf1f,L07 Ryan,Ryan_3_intro,6,Ryan,Came in for another wash.,
fc7ed7b68999fdae,L07 Ryan,Ryan_3_intro,7,Ryan,I...,
be0667bb01a8cd65,L07 Ryan,Ryan_3_intro,8,Ryan,Nevermind. Could you get the gate?,
20ed966db540aaaf,L07 Ryan,Ryan_3_intro,9,Kobold,Yeah let me get that for you.,
6c0973b0166d3528,L07 Ryan,Ryan_3_intro,10,Kobold,Ryan? you sure everything is okay...?,
8dff101cb2298f67,L07 Ryan,Ryan_3_intro,12,Ryan,No not really.,
1990b3ec8cd88a48,L07 Ryan,Ryan_3_intro,13,Ryan,I'll tell you in a bit. Could you just get the gate for now?,
85fec70372b092bb,L07 Ryan,Ryan_3_intro,14,Kobold/Conrad,Yeah.,
line:7311dc01,L07 Ryan,Ryan_3_intro,14,Kobold,Yeah.,
33e04b2f805d0e1a,L07 Ryan,Ryan_3_intro,15,Kobold,Okay. I hope you're doing alright though.,
f51bead488e14b65,L07 Ryan,Ryan_3_intro,16,Ryan/Conrad/Alexander,Thanks.,
line:e521db76,L07 Ryan,Ryan_3_intro,16,Ryan,Thanks.,
aac215f048e8ee54,L07 Ryan,Ryan_3_intro,17,Ryan,I'll manage.,
# --- progress: Ryan_3_required ---
eb256f4dcddfee94,L07 Ryan,Ryan_3_required,1,Ryan,About earlier.,
1a17d73907f63be1,L07 Ryan,Ryan_3_required,2,Ryan,A few days ago...,
87a781aa9b0c0136,L07 Ryan,Ryan_3_required,3,Ryan,I broke up with my partner...,
f68b8d76138a2a69,L07 Ryan,Ryan_3_required,4,Kobold,Oh... I'm so sorry.,
d6077ef6cdb59db1,L07 Ryan,Ryan_3_required,5,Kobold,"Aw, Ryan.",
d296154ff317814a,L07 Ryan,Ryan_3_required,6,Ryan,It's okay. I needed to. She wasn't making me happy.,
8a2e2803c1bc2ea7,L07 Ryan,Ryan_3_required,7,Ryan,I wasn't making her happy either.,
d9e1edc2e966ec26,L07 Ryan,Ryan_3_required,8,Ryan,No amount of justification makes it feel good though.,
769c31039308d04d,L07 Ryan,Ryan_3_required,9,Kobold,I'm glad you were able to make the choice that was best for you.,
460c50191c964260,L07 Ryan,Ryan_3_required,10,Kobold,It's never easy to end things.,
8825be71018f7f88,L07 Ryan,Ryan_3_required,11,Ryan,Yeah. At least I got to meet you because of it.,
3e43d550d0572c10,L07 Ryan,Ryan_3_required,12,Ryan,Yeah... It really isn't.,
8948d011be56c311,L07 Ryan,Ryan_3_required,13,Ryan,"But, at least I got to meet you!",
e484863d425a58e8,L07 Ryan,Ryan_3_required,14,Kobold,"Thank you, Ryan. I'm happy I got to meet you too",
1af4464c602a423a,L07 Ryan,Ryan_3_required,15,Kobold/Conrad,"Aw, thanks.",
line:011f1458,L07 Ryan,Ryan_3_required,15,Kobold,"Aw, thanks.",
e39173e934f56c78,L07 Ryan,Ryan_3_required,16,Ryan,These washes really make things easier.,
94f45fc9f39121cd,L07 Ryan,Ryan_3_required,17,Ryan,Plus they feel really nice.,
# --- outro: Ryan_3_Outro ---
01e6332ab274c6d3,L07 Ryan,Ryan_3_Outro,1,Ryan,Pretty sure that was everything.,
26fef1581467462d,L07 Ryan,Ryan_3_Outro,2,Ryan,Thank you. You make this a whole lot easier to go through.,
021d801f68652852,L07 Ryan,Ryan_3_Outro,3,Kobold,"You're always welcome here, Ryan.",
dc18b85912d460dd,L07 Ryan,Ryan_3_Outro,4,Kobold,You're one of my favorite clients!,
7ee443bc5e93fadb,L07 Ryan,Ryan_3_Outro,5,Ryan,You always make me feel welcomed.,
c851929ab3cd9537,L07 Ryan,Ryan_3_Outro,6,Ryan,Aw... Thanks. Is it weird I consider you...,
e0464d0955af808a,L07 Ryan,Ryan_3_Outro,7,Ryan,A really good friend?,
674d9f74349966ca,L07 Ryan,Ryan_3_Outro,8,Kobold,<size=70%><i>oah-</i> no that's really cool actually.,
e2c8744d410cb6f6,L07 Ryan,Ryan_3_Outro,9,Kobold,I consider you a good friend too,
29fee2ec355f7967,L07 Ryan,Ryan_3_Outro,10,Ryan,Oh- I'm glad!,
51200db7892ee7e1,L07 Ryan,Ryan_3_Outro,11,Ryan,D'aw... thanks.,
91c56a4e9213a4b0,L07 Ryan,Ryan_3_Outro,12,Ryan,Okay. I should probably get out of your scales.,
523791f6550c3508,L07 Ryan,Ryan_3_Outro,13,Ryan,"I'll be back again, yeah?",
667cadad21e120f0,L07 Ryan,Ryan_3_Outro,14,Kobold,Okay! I'll go get the gate for you.,
18f0197237db4a52,L07 Ryan,Ryan_3_Outro,15,Kobold,Looking forward to seeing ya',
952d54adb781ab58,L07 Ryan,Ryan_3_Outro,16,Ryan,Thanks. See you soon.,

# ===== Level 8: Conrad (Sunny) | sets DeliveredMountFrame =====
# --- intro: Conrad_Intro_3 ---
c2ce80cda53b3e12,L08 Conrad,Conrad_Intro_3,1,Conrad,'Ey big dog.,
ef92f8b9796dcaad,L08 Conrad,Conrad_Intro_3,2,Kobold,I'm a... kobold.,
3faf8798d815fbcc,L08 Conrad,Conrad_Intro_3,3,Kobold,Hi Conrad.,
fe810d1ef6bbca3f,L08 Conrad,Conrad_Intro_3,4,Conrad,Uh... Yeah.,
fe59e121f203b436,L08 Conrad,Conrad_Intro_3,5,Conrad,Heh. Yeah. That's me.,
a911f2d8e77038c7,L08 Conrad,Conrad_Intro_3,6,Conrad,"Looks like ya' got a shipment, eh?",
403e617f71fdbd7d,L08 Conrad,Conrad_Intro_3,7,Conrad,What was in those opened crates?,
2fa26a557574f06d,L08 Conrad,Conrad_Intro_3,8,Kobold,I got a mount.,
ba689238087b547e,L08 Conrad,Conrad_Intro_3,9,Kobold,It's the mount you asked for.,
a1d3f8d9c7e16f54,L08 Conrad,Conrad_Intro_3,10,Conrad,<size=160%>HELL YEAH!,
24f5fb4981989960,L08 Conrad,Conrad_Intro_3,11,Conrad,<size=100%>I mean- Cool.,
086c8ec178979d9b,L08 Conrad,Conrad_Intro_3,12,Conrad,"Now, lemme in! I want to try that thing out!",
8b742c36f3da7059,L08 Conrad,Conrad_Intro_3,13,Kobold,Okay...,
3a1b28ba58f06ac8,L08 Conrad,Conrad_Intro_3,14,Kobold,I'll go get the gate.,
c2ac4efff25192d6,L08 Conrad,Conrad_Intro_3,15,Conrad,Don't... make it sound like that.,
line:610824ef,L08 Conrad,Conrad_Intro_3,16,Conrad,...,
faa0b4a641d866a4,L08 Conrad,Conrad_Intro_3,17,Conrad,Let's get going~!,
f030a371b944e9be,L08 Conrad,Conrad_Intro_3,18,Conrad/Ryan,Damn right!,
line:db592d76,L08 Conrad,Conrad_Intro_3,18,Conrad,Damn right!,
# --- phone: Conrad_3_PhoneTutorial ---
eb8e96751da9e008,L08 Conrad,Conrad_3_PhoneTutorial,1,Phone,We got your request for the mount!,
4369749a5a3394e9,L08 Conrad,Conrad_3_PhoneTutorial,2,Kobold,Wha..?,
339397c0d1c1f21f,L08 Conrad,Conrad_3_PhoneTutorial,3,Phone,"It arrived this morning, it should be near the gate.",
f1968abec4612ffb,L08 Conrad,Conrad_3_PhoneTutorial,4,Phone,"Use the crowbar to open and place it in storage, would you?",
435c7e974ca94c84,L08 Conrad,Conrad_3_PhoneTutorial,6,Phone,Wonderful. Have a <i>productive</i> day.,
# --- idle: Conrad_idle_3_1 ---
37950c8a8db90865,L08 Conrad,Conrad_idle_3_1,1,Conrad,If ya' place the mount for me I'll have at it.,
8f224115163c0dbe,L08 Conrad,Conrad_idle_3_1,2,Conrad,"Ey, Use your hands on my cock- it feels good!",
785bfdcdb6a67739,L08 Conrad,Conrad_idle_3_1,3,Conrad,"So uh, mind opening the gate?",
# --- idle: Conrad_idle_3_2 ---
c1dc3477631255b7,L08 Conrad,Conrad_idle_3_2,1,Conrad,I like the mount you chose. Mind grabbing it?,
4557c47a615d9810,L08 Conrad,Conrad_idle_3_2,2,Conrad,Sooo. You gonna jerk me off?,
7e079188b55eb03d,L08 Conrad,Conrad_idle_3_2,3,Conrad,Thanks for that. Felt pretty damn good.,
# --- jerkoff: Conrad_started_jerkoff_3 ---
ccd88381d07a0b21,L08 Conrad,Conrad_started_jerkoff_3,1,Conrad,"Ah yeah, that's the stuff.. keep at it.",
# --- cum: Conrad_finished_jerkoff_3 ---
10069c101bcc95c1,L08 Conrad,Conrad_finished_jerkoff_3,1,Conrad,...!,
82d37703a9140210,L08 Conrad,Conrad_finished_jerkoff_3,2,Conrad,"Damn, you know how to use your hands.",
95be71f702fae4a6,L08 Conrad,Conrad_finished_jerkoff_3,5,Kobold,Hah... <size=70%> yeah.,
b60c2f975eedb833,L08 Conrad,Conrad_finished_jerkoff_3,6,Kobold,Of course I do. I'm a <i>professional</i>.,
f9e0d3cba1f3548e,L08 Conrad,Conrad_finished_jerkoff_3,7,Conrad,It's always good when a kobold knows what they like.,
0eb2a1e25a35e85e,L08 Conrad,Conrad_finished_jerkoff_3,8,Conrad,So am I.,
line:a6531779,L08 Conrad,Conrad_finished_jerkoff_3,9,Conrad,...,
83d081eadc40b86b,L08 Conrad,Conrad_finished_jerkoff_3,10,Conrad,At getting hand jobs.,
# --- cum: Conrad_Outro_3 | if $conrad_jerked_off_3 $conrad_used_mount_3 ---
6f64e0cc9b162541,L08 Conrad,Conrad_Outro_3,1,Conrad,"Ey, so. Was thinkin'",
dd5acacdb6c59489,L08 Conrad,Conrad_Outro_3,2,Conrad,Might seem kinda weird to ask now. Buuuut.,
7f39f874a107d858,L08 Conrad,Conrad_Outro_3,3,Conrad,"Do you know any cool places, people, I could hang around?",
df48dbfe82678dea,L08 Conrad,Conrad_Outro_3,4,Kobold,"<gradient=""gold""><b> I know a dragon, Ryan. I could get you two in contact? </b></gradient><size=70%>(Unlocks Conrad/Ryan hookup OR Ryan romance)",
7b870878852ee72d,L08 Conrad,Conrad_Outro_3,5,Kobold,"<gradient=""gold""><b> I wouldn't mind hanging out... </b></gradient><size=70%> (Unlocks Conrad romance)",
ac6820f366b18b44,L08 Conrad,Conrad_Outro_3,6,Conrad,Another dragon? Usually I don't really get along...,
de6f58682bdaacf9,L08 Conrad,Conrad_Outro_3,7,Kobold,"Oh, no. Ryan is a sweetheart.",
d4185d9f80a34228,L08 Conrad,Conrad_Outro_3,8,Kobold,"Don't worry, he's real nice.",
9df619228ba627fc,L08 Conrad,Conrad_Outro_3,9,Conrad,Okay. Then I think I'd like to try.,
d88679eede302f8e,L08 Conrad,Conrad_Outro_3,10,Kobold,I'll make sure to ask him next time I see him.,
7984d45df6290f6c,L08 Conrad,Conrad_Outro_3,11,Kobold,I think he'd like the new you!,
bf35fcb679c816dd,L08 Conrad,Conrad_Outro_3,12,Conrad,Thank you. I'd really appreciate it,
d32db8ee98680d0f,L08 Conrad,Conrad_Outro_3,13,Conrad,I hope so. I really want a fresh start with someone.,
8623a4b26a9521d8,L08 Conrad,Conrad_Outro_3,14,Conrad,I probably need to head out though.,
30dcd5391100eeba,L08 Conrad,Conrad_Outro_3,15,Conrad,Thanks for the suggestion!,
f1ad7345d30997b4,L08 Conrad,Conrad_Outro_3,16,Kobold,No need for thanks. I'll get the gate.,
404cba15a4acdcfe,L08 Conrad,Conrad_Outro_3,17,Kobold,Of course.,
8bf9f7d2ecce0105,L08 Conrad,Conrad_Outro_3,18,Conrad,Ooooh.,
8929fe2569ae7455,L08 Conrad,Conrad_Outro_3,19,Conrad,I think I'd like that!,
2358a2257260501f,L08 Conrad,Conrad_Outro_3,20,Conrad,You're pretty hot.,
c650e0aadadba99c,L08 Conrad,Conrad_Outro_3,21,Conrad,...and nice.,
296f2ab03f8676ef,L08 Conrad,Conrad_Outro_3,23,Kobold,I think you're special too.,
17cf3cc7179b6817,L08 Conrad,Conrad_Outro_3,24,Conrad,That's... the first time you've yipped for me.,
c2599750a4dd9247,L08 Conrad,Conrad_Outro_3,25,Kobold,It means you're doing a good job in kobold.,
6f2ff920e860570d,L08 Conrad,Conrad_Outro_3,26,Conrad,Oh... hah. I like that.,
8b7bdfb88553e72f,L08 Conrad,Conrad_Outro_3,27,Conrad,That makes me feel good to hear.,
e8ae0da9edb0a314,L08 Conrad,Conrad_Outro_3,28,Conrad,So. How about a date?,
781cbcfcd7920f3f,L08 Conrad,Conrad_Outro_3,29,Kobold,That's fast... But I think so!,
5f9a2b795615ba6a,L08 Conrad,Conrad_Outro_3,30,Kobold,Yes.,
508f3cf175389841,L08 Conrad,Conrad_Outro_3,31,Conrad,I think I'd like to try!,
c282dd1133ff96d4,L08 Conrad,Conrad_Outro_3,32,Conrad,Okay! I'll be back later then.,
bfc65061708379d6,L08 Conrad,Conrad_Outro_3,33,Kobold,"<size=70%><i> holy shit, I just bagged a date with a dragon.",
cf78ef26075ae223,L08 Conrad,Conrad_Outro_3,34,Kobold,Yep! I'll get the gate.,
6b8aa4fb55221728,L08 Conrad,Conrad_Outro_3,35,Conrad,Hmm?,
c395eb5878798c08,L08 Conrad,Conrad_Outro_3,36,Kobold,Oh! nothing. I'll get the gate.,
102e28eb7d17c7dd,L08 Conrad,Conrad_Outro_3,37,Conrad,"Oh, okay. Thanks.",
ca518354e1f14735,L08 Conrad,Conrad_Outro_3,38,Conrad,"Okay, thanks.",
# --- cum: Conrad_finished_jerkoff_3 ---
5dffcc40132f0ec4,L08 Conrad,Conrad_finished_jerkoff_3,11,Conrad,Now I'm eyeballing the mount...,
45c2b89acdcfd55d,L08 Conrad,Conrad_finished_jerkoff_3,12,Conrad,Let me give it a try!,
57725c300be82fa5,L08 Conrad,Conrad_finished_jerkoff_3,13,Kobold,Oh okay. I'll go grab it.,
1976e7477a26b680,L08 Conrad,Conrad_finished_jerkoff_3,14,Kobold/Ryan,Sure!,
line:05c673e7,L08 Conrad,Conrad_finished_jerkoff_3,14,Kobold,Sure!,
9e50b8e48f012f1f,L08 Conrad,Conrad_finished_jerkoff_3,15,Conrad,Hell yeah,
# --- mount_start: Conrad_placed_mount_3 ---
b9778eb1fe076168,L08 Conrad,Conrad_placed_mount_3,1,Conrad,Hah! There's the mount!,
86b1b615d536c6c9,L08 Conrad,Conrad_placed_mount_3,2,Conrad,So<size=90%>o<size=80%>o<size=70%>o<size=60%>o... <size=100%>I 'aint dirty. But I am <i>~dirty~</i> y'know?,
449244744c8bbd8a,L08 Conrad,Conrad_placed_mount_3,3,Kobold,So you came in just to...,
f8c28806b84cad3d,L08 Conrad,Conrad_placed_mount_3,4,Kobold,Yeah. It wasn't too expensive.,
cd4ecc87775c0780,L08 Conrad,Conrad_placed_mount_3,5,Conrad,Fuck something and then get a handjob hopefully.,
01e3f480dfe7930d,L08 Conrad,Conrad_placed_mount_3,6,Conrad,Get a handjob and fuck this mount.,
7f9240260973e0ce,L08 Conrad,Conrad_placed_mount_3,7,Kobold,You're... very forward.,
e0b48878cb57c01f,L08 Conrad,Conrad_placed_mount_3,8,Conrad,Of course I am! I know I'm very...,
1bd882b6a6343777,L08 Conrad,Conrad_placed_mount_3,9,Conrad,Cool.,
line:045f5836,L08 Conrad,Conrad_placed_mount_3,10,Conrad,...,
557321787688acff,L08 Conrad,Conrad_placed_mount_3,11,Conrad,Anyways. Gonna use this thing now!,
78e9c032e409d82d,L08 Conrad,Conrad_placed_mount_3,12,Conrad,"Hah, good. Let's break this thing in!",
# --- mount_finish: Conrad_finished_mount_3 ---
81b18a3cc2f69ea7,L08 Conrad,Conrad_finished_mount_3,1,Conrad,Sheesh.,
748b06c5c3f0552b,L08 Conrad,Conrad_finished_mount_3,2,Conrad,That.,
e92da2c203110197,L08 Conrad,Conrad_finished_mount_3,3,Conrad,That felt <i>good</i>.,
bcd00a8f7b94c7f1,L08 Conrad,Conrad_finished_mount_3,4,Kobold,You were really going at it.,
67d7d2492d388d84,L08 Conrad,Conrad_finished_mount_3,5,Kobold,You seemed to enjoy yourself.,
65e7a40050eb4acf,L08 Conrad,Conrad_finished_mount_3,6,Conrad,I always do~,
5c9126f1405a306c,L08 Conrad,Conrad_finished_mount_3,7,Conrad,Hell yeah I did!,
d45c21a765584d3b,L08 Conrad,Conrad_finished_mount_3,8,Kobold,That's good... Now what?,
ae7bb31b012d1f51,L08 Conrad,Conrad_finished_mount_3,9,Conrad,"Now, round two!",
18b0b44df315e792,L08 Conrad,Conrad_finished_mount_3,10,Kobold,Again...?,
f395d053e5dcf326,L08 Conrad,Conrad_finished_mount_3,11,Conrad,"No no, you're a certified cleaner yeah?",
5117686f8d936e47,L08 Conrad,Conrad_finished_mount_3,12,Conrad,Means you know how to get hands on!,
a441237f7aea8d53,L08 Conrad,Conrad_finished_mount_3,13,Kobold,oah. <size=70%>okay.,
d2e773775c5bf598,L08 Conrad,Conrad_finished_mount_3,14,Kobold,Right. I'll get to it.,
d126a37255fb8144,L08 Conrad,Conrad_finished_mount_3,15,Conrad,Hah. Yeah. <size=70%><i>It's cool that you learn to jerk off dragons in cleaning school...,
fba1924f5f79713e,L08 Conrad,Conrad_finished_mount_3,16,Conrad,"Well, good luck getting your hands around all of me.",
# --- mount_finish: Conrad_OutroDirty ---
9b363afaa9dc8a5f,L08 Conrad,Conrad_OutroDirty,1,Conrad,I'm all dirty still!,
44aa54eec876d22e,L08 Conrad,Conrad_OutroDirty,2,Kobold,Oh my bad,
85d8ae405abc5722,L08 Conrad,Conrad_OutroDirty,3,Kobold,Whoops,
# --- mount_finish: Conrad_OutroSoapy ---
d7bb84bfc322967e,L08 Conrad,Conrad_OutroSoapy,1,Conrad,I'm all soapy still!,
# --- mount_finish: ErrorHasOccurred ---
9241fa9324783298,L08 Conrad,ErrorHasOccurred,1,ErrorHasOccurred,Oh fcuk something went wrong,
fbc99d34c317d087,L08 Conrad,ErrorHasOccurred,2,ErrorHasOccurred,if you're seeing this please grab nael or submit a bug report,
be7e08152c8d1556,L08 Conrad,ErrorHasOccurred,3,ErrorHasOccurred,sorry!,
# --- mount_finish: Conrad_Outro | if $conrad_jerked_off_3 $conrad_used_mount_3 ---
f16474a9900a4418,L08 Conrad,Conrad_Outro,1,Conrad/Alexander/Ryan,==,
line:a8e2f13e,L08 Conrad,Conrad_Outro,1,Conrad,==,
01cf590e183ce38a,L08 Conrad,Conrad_Outro,2,Conrad,title: Conrad_OutroDone,
cb3f91d54eee30e5,L08 Conrad,Conrad_Outro,3,Conrad/Alexander/Ryan,---,
line:db5b3129,L08 Conrad,Conrad_Outro,3,Conrad,---,
c571db95fc1e4f78,L08 Conrad,Conrad_Outro,4,Conrad,"Ahh, all cleaned and with a lighter load.",
e374c1b3adfa0cf8,L08 Conrad,Conrad_Outro,5,Conrad,"Thanks mate, see you tomorrow then.",

# ===== Level 9: Alexander (Sunny) =====
# --- intro: Alexander_3_intro ---
36cd0d2b83086eeb,L09 Alexander,Alexander_3_intro,1,Alexander/Conrad,Hey there.,
line:5dacf226,L09 Alexander,Alexander_3_intro,1,Alexander,Hey there.,
bc15783521246457,L09 Alexander,Alexander_3_intro,2,Kobold/Alexander,Alexander!,
line:fe3996b8,L09 Alexander,Alexander_3_intro,2,Kobold,Alexander!,
3cbf350078abb1bf,L09 Alexander,Alexander_3_intro,3,Kobold,"Hey, welcome back!",
516ad83185e96dfb,L09 Alexander,Alexander_3_intro,4,Alexander,"Haha, yes. Happy to see you.",
f1d9c9797985d9a2,L09 Alexander,Alexander_3_intro,5,Alexander,Happy to be back.,
9f59b5e841a0d2ad,L09 Alexander,Alexander_3_intro,6,Alexander,I seem to have gotten myself covered in ink!,
fda3c419d5174cb2,L09 Alexander,Alexander_3_intro,7,Alexander,"Truly terrible, no?",
b5d76009b084e709,L09 Alexander,Alexander_3_intro,8,Kobold,"Well, That's why I'm here!",
4f921c2b968fe884,L09 Alexander,Alexander_3_intro,9,Kobold,"Oh wow, you're really covered in it!",
256ae0739ddd2dbc,L09 Alexander,Alexander_3_intro,10,Alexander,Indeed! You're the only kobold I wish to wash me now.,
f114f26d23d53dc1,L09 Alexander,Alexander_3_intro,11,Kobold,"Aw, thank you Alexander.",
1f01b93ae3777189,L09 Alexander,Alexander_3_intro,12,Kobold,What about your private washers?,
92b7fef7172975fa,L09 Alexander,Alexander_3_intro,13,Alexander,Of course! You run a fine establishment.,
df2a4df0381808af,L09 Alexander,Alexander_3_intro,14,Alexander,You needn't worry. The washer's union is... More powerful than I.,
1bdc19a56262fbc5,L09 Alexander,Alexander_3_intro,15,Alexander,<size=70%>They're still on my payroll.,
b0134babb7e75550,L09 Alexander,Alexander_3_intro,16,Alexander,A rather good excuse to see my favorite kobold.,
7d926d6395419270,L09 Alexander,Alexander_3_intro,17,Kobold,Aw... Thanks!,
line:20f96302,L09 Alexander,Alexander_3_intro,18,Kobold,Alexander!,
6ad0fe6dcc2efa30,L09 Alexander,Alexander_3_intro,19,Alexander,"Of course, you run a fine establishment.",
f38b3b8fcf6bf031,L09 Alexander,Alexander_3_intro,20,Alexander,What? There is no harm caused by a genuine compliment!,
350955b9410d95a5,L09 Alexander,Alexander_3_intro,21,Kobold,I never expected you to be the type to be so messy!,
3cf6fd8e7e50386c,L09 Alexander,Alexander_3_intro,22,Kobold,How come you're covered in ink?,
5d2cee363540fc7a,L09 Alexander,Alexander_3_intro,23,Alexander,I... hm.,
26b3089f5ee4a463,L09 Alexander,Alexander_3_intro,24,Alexander,I <i>think </i> I must've spilled an inkwell <i>on the way here</i>. Rather clumsy of me!,
7f1cf0605a577a0a,L09 Alexander,Alexander_3_intro,25,Kobold,"'think', 'On the way here'? Then you weren't covered in ink before...",
b356a126e4318643,L09 Alexander,Alexander_3_intro,26,Alexander/Kobold/Ryan,Oh.,
line:8441bf7b,L09 Alexander,Alexander_3_intro,26,Alexander,Oh.,
cd5592e5e3140daa,L09 Alexander,Alexander_3_intro,27,Alexander,Right.,
line:759a495e,L09 Alexander,Alexander_3_intro,28,Alexander,...,
2a0200c46ee1b662,L09 Alexander,Alexander_3_intro,29,Alexander,"Truth be told, I got dirty to come here.",
b4d680dde83d7847,L09 Alexander,Alexander_3_intro,30,Kobold,Awww. You don't need to be coverd in ink to say hi!,
42d72aa4b0b39750,L09 Alexander,Alexander_3_intro,31,Kobold,Oh! Then I better let you in. I'll go get the gate.,
9eb8cd756595cf24,L09 Alexander,Alexander_3_intro,32,Alexander,Really?,
5f9846717183dcc1,L09 Alexander,Alexander_3_intro,33,Alexander,I'll keep that in mind. I'm used to things being transactional.,
2ea5b920a0a9a519,L09 Alexander,Alexander_3_intro,34,Kobold,I'm always happy to see you. I'll go get the gate for you.,
line:d60f2dc0,L09 Alexander,Alexander_3_intro,35,Alexander,Thank you.,
# --- progress: Alexander_3_required ---
a59f7f35644dcdbb,L09 Alexander,Alexander_3_required,1,Alexander,Professor Igwyx- My colleague who self-immolated earlier.,
10b4110dad07d576,L09 Alexander,Alexander_3_required,2,Alexander,He's already back to work. Thanks for helping with all that.,
b8baebdff88a847f,L09 Alexander,Alexander_3_required,3,Kobold,"Yeah, that was scary at first.",
a2aff5b173ae96bb,L09 Alexander,Alexander_3_required,4,Kobold,Oh that's good. I'm happy he's okay.,
4b29556a255aea95,L09 Alexander,Alexander_3_required,5,Alexander,Luckily death via spontaneous combustion is a concept we have thoroughly curtailed in the modern world.,
ababfd6e7703460e,L09 Alexander,Alexander_3_required,6,Alexander,Indeed. I'm glad you were able to help.,
69f278cd5a2eb111,L09 Alexander,Alexander_3_required,7,Alexander,...It's odd being able to speak so freely with someone.,
6221337862dcba2c,L09 Alexander,Alexander_3_required,8,Alexander,I feel as I could say anything to you.,
cecec36c55a564ee,L09 Alexander,Alexander_3_required,9,Kobold,Anything?,
7dbde0758389bd7b,L09 Alexander,Alexander_3_required,11,Alexander,Yes. It's invigorating to be so candid.,
9bc918ab274337a8,L09 Alexander,Alexander_3_required,12,Alexander,Somehow that feels more honest than anything anyone else says.,
35af415ffcb7f757,L09 Alexander,Alexander_3_required,13,Alexander,Say...,
c66fb72552f1fa4c,L09 Alexander,Alexander_3_required,14,Alexander,I have a question.,
bbff7b98d6da7061,L09 Alexander,Alexander_3_required,15,Kobold,What is it?,
834032dfb827138e,L09 Alexander,Alexander_3_required,16,Kobold,What's up?,
71291e2e0c7ce300,L09 Alexander,Alexander_3_required,17,Alexander,Could you ask <i>me</i> a question?,
c8ac7dce03b1b9b7,L09 Alexander,Alexander_3_required,18,Kobold,What do you mean?,
10f232e68c0c0443,L09 Alexander,Alexander_3_required,19,Kobold,What kind of question?,
5956cbc43e2c8c2b,L09 Alexander,Alexander_3_required,20,Alexander,I just wish for you to ask me a question. Any question.,
7bf3b1fff483809e,L09 Alexander,Alexander_3_required,21,Alexander,Anything. I'm just curious.,
# --- progress: Alexander_questions ---
9da08a79c3f86ee0,L09 Alexander,Alexander_questions,1,Kobold,What's teaching like?,
337d9f85511815eb,L09 Alexander,Alexander_questions,2,Kobold/Alexander,Do you like purple?,
line:daa040eb,L09 Alexander,Alexander_questions,2,Kobold,Do you like purple?,
70523c9a506d9676,L09 Alexander,Alexander_questions,3,Kobold,Do you like being big?,
3fbd83d375d6fa05,L09 Alexander,Alexander_questions,4,Kobold,What does the number 7 taste like?,
767b6d6bdc5b806a,L09 Alexander,Alexander_questions,5,Kobold,What do you think of me?,
8ed9fdad93b0f690,L09 Alexander,Alexander_questions,6,Kobold,Are you happy?,
e5263ec7185a5166,L09 Alexander,Alexander_questions,7,Kobold,Your crest is cool. What is it?,
bc116106c2929c42,L09 Alexander,Alexander_questions,8,Kobold,That's all I want to ask.,
a04d5511812a415b,L09 Alexander,Alexander_questions,9,Alexander,It's my dream.,
6861f7c274e3de2c,L09 Alexander,Alexander_questions,10,Alexander,I enjoy being a part of so many individuals lives in a positive way.,
8743d170a315e668,L09 Alexander,Alexander_questions,11,Alexander,...It's intimidating knowing how much they look up to me.,
7aebce70febcfb8c,L09 Alexander,Alexander_questions,12,Alexander,And not just physically.,
0ad864ff0c0b3f21,L09 Alexander,Alexander_questions,13,Kobold,What kinds of classes do you teach?,
24244e96851180ca,L09 Alexander,Alexander_questions,14,Kobold,You set a good example.,
f58328ac8301872f,L09 Alexander,Alexander_questions,15,Alexander,Primarily alchemy. Occasionally world history.,
771e997edf959694,L09 Alexander,Alexander_questions,16,Alexander,I've been trying to get into the social sciences aswell.,
9986ef8860d34d9e,L09 Alexander,Alexander_questions,17,Alexander,That's what's terrifying.,
e947bbc260ec1dad,L09 Alexander,Alexander_questions,18,Alexander,I enjoy that I do not fear failure around you.,
818a4fe04a76ce19,L09 Alexander,Alexander_questions,19,Alexander,Do you ask because I'm lavender?,
54a1b0b8e5f6fa32,L09 Alexander,Alexander_questions,20,Kobold,Ya.,
046427d028c69e4b,L09 Alexander,Alexander_questions,21,Kobold,Nah.,
b849ed1e855cd6f5,L09 Alexander,Alexander_questions,22,Alexander,"Well, I do enjoy the color. But I believe that is unrelated to my hue.",
bbb1e1b8cec716b3,L09 Alexander,Alexander_questions,23,Alexander,I do enjoy the color. Though I believe its unrelated to my own hue.,
line:ef052302,L09 Alexander,Alexander_questions,24,Alexander,Do you like purple?,
525ba3c4a2511183,L09 Alexander,Alexander_questions,27,Alexander,Oh. good.,
line:7e189c92,L09 Alexander,Alexander_questions,28,Alexander,...,
3885f7429496059d,L09 Alexander,Alexander_questions,29,Alexander,Oh. Okay.,
line:b7f0551c,L09 Alexander,Alexander_questions,30,Alexander,...,
8133434681c5d0c2,L09 Alexander,Alexander_questions,31,Alexander,That's a tricky question to answer.,
a3e6072e41a2ff07,L09 Alexander,Alexander_questions,32,Alexander,I enjoy parts of it. The respect is pleasant...,
b1ca0efdea534b71,L09 Alexander,Alexander_questions,33,Alexander,"However, that respect comes with an expectation to act as I look. It's incredibly stressful.",
186edb7d24ea9459,L09 Alexander,Alexander_questions,34,Kobold,You can act however you like around me.,
1a6be1fd03e5ae6f,L09 Alexander,Alexander_questions,35,Kobold,I like you for who you are.,
08063aff652b7108,L09 Alexander,Alexander_questions,36,Alexander,That's rather nice of you to say.,
4f9390dd28090827,L09 Alexander,Alexander_questions,37,Alexander,I want to be more open. It feels good.,
b38834ce4594ad5c,L09 Alexander,Alexander_questions,38,Alexander,Yellow lime.,
5f6bb166b079c336,L09 Alexander,Alexander_questions,39,Kobold,No way.,
aac4af2b645cf88e,L09 Alexander,Alexander_questions,40,Kobold,Like... a lemon?,
0ee250681eda1a08,L09 Alexander,Alexander_questions,41,Alexander,"'Yes way', There is nothing I am more certain of.",
b83a1658171971d7,L09 Alexander,Alexander_questions,42,Alexander,No. A lime that is yellow.,
a87e0094e62cb429,L09 Alexander,Alexander_questions,43,Kobold,You're the professor here. Must be correct.,
e154199e27c1d4a3,L09 Alexander,Alexander_questions,45,Alexander,"That's an appeal to authority fallacy. But, yes. I'm correct.",
0c137b35abd3f637,L09 Alexander,Alexander_questions,47,Alexander,You're...,
d4efe0db738b52b5,L09 Alexander,Alexander_questions,48,Alexander,An anomaly.,
55c3e5daec20a64d,L09 Alexander,Alexander_questions,49,Kobold,Huh?,
2c291db1ddbe2b9d,L09 Alexander,Alexander_questions,50,Kobold,Is that a good thing...?,
df2bc10ba434d57e,L09 Alexander,Alexander_questions,51,Alexander,As in you're unique.,
019d328b739d99e6,L09 Alexander,Alexander_questions,52,Kobold,In a good way?,
c2667b3b3dc54c1a,L09 Alexander,Alexander_questions,53,Kobold,In a bad way?,
4f9b4a3cd9b0261a,L09 Alexander,Alexander_questions,54,Alexander,Of course! You're wonderful.,
ebb1884c75b23e27,L09 Alexander,Alexander_questions,55,Alexander,By the stars! No no. You're excellent.,
3b2c32e616b24822,L09 Alexander,Alexander_questions,56,Alexander,Indeed. You're an excellent person to be around.,
7e6a62b6d8659273,L09 Alexander,Alexander_questions,57,Alexander,You're the first person I've met who's only expectation is for me to be...,
c48241cd21bb0d91,L09 Alexander,Alexander_questions,58,Alexander,Me.,
5a4d28241178ab01,L09 Alexander,Alexander_questions,59,Alexander,I am.,
216bb6e650af4cfc,L09 Alexander,Alexander_questions,60,Alexander,I believe that's in part because of you.,
91ff270d6aaba6a4,L09 Alexander,Alexander_questions,61,Kobold,But I'm only your washer?,
f06f453ab3d6251f,L09 Alexander,Alexander_questions,62,Kobold,That's very sweet.,
8c2bdfa25fbde4ed,L09 Alexander,Alexander_questions,63,Alexander,"I know. But the ability to open up to someone, even occasionally-",
61639ef55caefda4,L09 Alexander,Alexander_questions,64,Alexander,It does wonders.,
line:bc6cc4d2,L09 Alexander,Alexander_questions,65,Alexander,You're very sweet.,
22c1ab2eb72e5b44,L09 Alexander,Alexander_questions,66,Alexander,"The ability to open up to someone, even occasionally...",
439d8da114ab9162,L09 Alexander,Alexander_questions,68,Alexander,Thank you for that.,
33d3f6495bad4d3c,L09 Alexander,Alexander_questions,69,Alexander,"Oh, the crest around my head?",
91d69b4f1f9739cb,L09 Alexander,Alexander_questions,70,Alexander,Many think it's part of my body.,
dd0f2ff5e303f61a,L09 Alexander,Alexander_questions,71,Alexander,"However, it's ornamental! My family crest. You see...",
7271f9e9b21e5401,L09 Alexander,Alexander_questions,72,Alexander,"Dragon history is complex. Ornamental crest <size=85%> are often <size=70%> worn by dragons to <size=55%>signify what family they belong to! <size=40%> It's an interesting mark of their culutral <size=35%> and familial heritage. I've often wondered if I should continue to wear mine. <size=20%> But culutural and familiar ties are considered important within the lore of dragons! so I must adhere to such things. <size=10%> Water. Earth. Fire. Air. Long ago, the four nations lived together in harmony. Then everything changed when the Fire Nation attacked.",
line:e90fee8e,L09 Alexander,Alexander_questions,73,Kobold,Oh.,
0006b6926947b91b,L09 Alexander,Alexander_questions,74,Kobold,Can you repeat that?,
b6d573339ec0b66b,L09 Alexander,Alexander_questions,75,Alexander,"Ah, sorry, I'm passionate about such things.",
9909f3ea3dffb93e,L09 Alexander,Alexander_questions,76,Alexander,I'm glad you enjoy my crest.,
e5bccc3a053371ce,L09 Alexander,Alexander_questions,77,Alexander,...No,
# --- progress: Alexander_3_required_end | if $has_asked_question ---
c225b2626bb24d2c,L09 Alexander,Alexander_3_required_end,1,Alexander,Thanks for asking. It's enjoyable to be asked personal questions.,
# --- jerkoff: Alexander_3_JerkOff_Start ---
8342e51e14980481,L09 Alexander,Alexander_3_JerkOff_Start,1,Alexander,Oh my- I didn't expect you to be so... hands on,
ce664ef00487ef78,L09 Alexander,Alexander_3_JerkOff_Start,2,Alexander,<size=70%><i>feel free to continue-</i>,
# --- cum: Alexander_3_Cum ---
85503a54fcc74839,L09 Alexander,Alexander_3_Cum,1,Alexander,Uunf. T-that was... Rather undignified.,
afa89c59eece65b9,L09 Alexander,Alexander_3_Cum,2,Alexander,<size=70%><i>but it was nice... Thank you.,
# --- outro: Alexander_3_Outro ---
d96b34ffac75e750,L09 Alexander,Alexander_3_Outro,1,Alexander,I'm <i>spotless</i>.,
6dae153117be9e8a,L09 Alexander,Alexander_3_Outro,2,Kobold,I never miss a spot.,
941f66ab23bc1b9b,L09 Alexander,Alexander_3_Outro,4,Alexander,I'm well aware. A deep clean has a distinct feel!,
4598878b44333749,L09 Alexander,Alexander_3_Outro,5,Alexander,That's what I like to hear.,
7ea92f17440d2fae,L09 Alexander,Alexander_3_Outro,6,Alexander,I'll be back again. It's nice having you as a friend.,
7bbef8475c6cdff7,L09 Alexander,Alexander_3_Outro,7,Kobold,Looking forward to seeing you soon.,
17d54d35bc089567,L09 Alexander,Alexander_3_Outro,8,Kobold,I'm happy you feel comfy here.,

# ===== Level 10: Ryan (Sunny) | ends PicnicCompleted =====
# --- intro: Ryan_4_intro ---
379060351b7eda00,L10 Ryan,Ryan_4_intro,1,Ryan,<b><i><size=130%>Did you suggest Ryan to Conrad?,
8a798890fe938171,L10 Ryan,Ryan_4_intro,2,Kobold,yes,
9390298f3fb0c5b1,L10 Ryan,Ryan_4_intro,3,Kobold,no,
578f5563ae25f1ce,L10 Ryan,Ryan_4_intro,4,Kobold,Woah... What is that in your mouth?,
c03386d6c9efb92a,L10 Ryan,Ryan_4_intro,5,Kobold,"Hey Ryan, what do you have there?",
d85dcd17cab55fde,L10 Ryan,Ryan_4_intro,6,Ryan,Picnic bathket-,
b9c2f8ae41c83ebe,L10 Ryan,Ryan_4_intro,7,Ryan,Can't sthpeak well.,
696058e475fae76a,L10 Ryan,Ryan_4_intro,8,Ryan,lemme in?,
1f843189eaccc2b6,L10 Ryan,Ryan_4_intro,9,Kobold,Oh! Okay. I'll get the gate!,
9cc8b0255238b35e,L10 Ryan,Ryan_4_intro,10,Kobold,"Right, I'll get that for you ASAP.",
1facde273315d636,L10 Ryan,Ryan_4_intro,11,Ryan,Thankth!,
# --- picnic: Ryan_egg_dialog | if $food_number ---
ff7696a47d0cd4ed,L10 Ryan,Ryan_egg_dialog,1,Kobold,ohmygod I thought the egg was decorative.,
76dddaed85a8d844,L10 Ryan,Ryan_egg_dialog,2,Kobold,What kind of egg was that?,
9fe69182b150b8b1,L10 Ryan,Ryan_egg_dialog,3,Ryan,Huh? ofcourse not!,
f5d2571561dba2b0,L10 Ryan,Ryan_egg_dialog,4,Ryan,OH. You're not used to eating them whole.,
718beb6db0dae659,L10 Ryan,Ryan_egg_dialog,5,Ryan,That's the best way to eat'em!,
c03f60d1d7bd67e5,L10 Ryan,Ryan_egg_dialog,6,Ryan,Uhm...,
4a7cf2bb1bd01e0b,L10 Ryan,Ryan_egg_dialog,7,Ryan,Blue...?,
640cee0646ecb66c,L10 Ryan,Ryan_egg_dialog,8,Ryan,I'm not too sure. It was on sale at WingCo.,
f887a50c6f7d1edc,L10 Ryan,Ryan_egg_dialog,9,Ryan,Tasted real good though!,
# --- picnic: ryan_food_dialogue ---
8b555a411ea346ec,L10 Ryan,ryan_food_dialogue,1,Ryan,So... I was thinking about my relationships.,
03e1d33ec4a7f6e8,L10 Ryan,ryan_food_dialogue,2,Kobold,How so?,
f1676448791feef6,L10 Ryan,ryan_food_dialogue,3,Ryan,"Like, the future of my relationships.",
9d2e28c9ae2ed8b4,L10 Ryan,ryan_food_dialogue,4,Ryan,I'm kind of excited.,
91b32d6180935501,L10 Ryan,ryan_food_dialogue,5,Kobold,"Well, you are one hell of a catch.",
e5d632fba39e2f0f,L10 Ryan,ryan_food_dialogue,6,Kobold,I'm excited for you!,
d228097b23b352e6,L10 Ryan,ryan_food_dialogue,7,Ryan,Oh you. Gonna make me blush.,
line:30f1f583,L10 Ryan,ryan_food_dialogue,8,Ryan,Thanks!,
d94d7310f7d31a45,L10 Ryan,ryan_food_dialogue,9,Ryan,Really looking forward to finding new people.,
1121175da09c0008,L10 Ryan,ryan_food_dialogue,10,Ryan,"Now, more food?",
6ebac8131d5267ac,L10 Ryan,ryan_food_dialogue,11,Ryan,Hmm...,
d2c7e6789d89f523,L10 Ryan,ryan_food_dialogue,13,Ryan,I was thinking.,
67c0ce6aff865e1c,L10 Ryan,ryan_food_dialogue,14,Ryan,It's difficult to find folks that are outside of my current bubble.,
d7f23a9907b74860,L10 Ryan,ryan_food_dialogue,15,Ryan,"Like, I love those around me, but there's a lot of baggage there.",
99daac47d7b305f6,L10 Ryan,ryan_food_dialogue,16,Ryan,Y'know?,
1b4b607607b8c988,L10 Ryan,ryan_food_dialogue,17,Kobold,Makes sense.,
dfcb7cbdb552d8f5,L10 Ryan,ryan_food_dialogue,18,Kobold,"I get how you'd feel that way after a breakup, yeah.",
f574c59b56179de8,L10 Ryan,ryan_food_dialogue,19,Ryan,"Yeah, ever since the breakup I've been looking for something new.",
0febbd04cce87646,L10 Ryan,ryan_food_dialogue,20,Ryan,Maybe someone?,
b7fca6004f2d5325,L10 Ryan,ryan_food_dialogue,22,Ryan,Yeah. It's hard to unwind groups after something like that.,
8da113ef266e587f,L10 Ryan,ryan_food_dialogue,23,Ryan,I'm willing to do it. But I'd like something new.,
baf0df26ea4f2e81,L10 Ryan,ryan_food_dialogue,24,Ryan,Maybe someone new...,
03ccd297eb346729,L10 Ryan,ryan_food_dialogue,25,Ryan,...About what I said earlier.,
1032684d93c794bf,L10 Ryan,ryan_food_dialogue,26,Kobold,Yeah?,
ace8c62e60ec2197,L10 Ryan,ryan_food_dialogue,27,Ryan,Do you know anyone I could talk to? Y'know... about relationship stuffs?,
0a7119cfe1246546,L10 Ryan,ryan_food_dialogue,28,Kobold,"<gradient=""gold""><b>I know this one red dragon. I think you'd like him! </b></gradient><size=70%> (Hooks up Ryan with Conrad!)",
4a3b65400e54f8ff,L10 Ryan,ryan_food_dialogue,29,Kobold,"<gradient=""gold""><b>Oh. Uhm. <size=70%> I wouldn't mind... If I was that someone. </b></gradient><size=70%> (Locks in Ryan romance!)",
bb7a6be711206298,L10 Ryan,ryan_food_dialogue,30,Kobold,"<gradient=""gold""><b>I don't have anyone off the top of my head.</b></gradient><size=70%> (Locks in Conrad romance!)",
a6a744d6d60ec400,L10 Ryan,ryan_food_dialogue,31,Ryan/Alexander/Kobold,Oh?,
line:1d491283,L10 Ryan,ryan_food_dialogue,31,Ryan,Oh?,
cbe8e4adc9ca52df,L10 Ryan,ryan_food_dialogue,32,Ryan,Who's that?,
ca545deecbd9950d,L10 Ryan,ryan_food_dialogue,33,Kobold,He's this REALLY cute red drake who goes to the wash!,
4a94ef80ae21582a,L10 Ryan,ryan_food_dialogue,34,Kobold,He's a red dragon. I think you two would like eachother!,
0ea02ee3f0c5673d,L10 Ryan,ryan_food_dialogue,35,Ryan,"Oh! I think I've seen him. The tiny one, yeah?",
58b69c47fed8b38f,L10 Ryan,ryan_food_dialogue,36,Kobold,He prefers 'vertically challenged'... But yes.,
3ae2d547c997ca01,L10 Ryan,ryan_food_dialogue,37,Kobold,Mhm! he's trying to meet new people.,
474246952e0d1e50,L10 Ryan,ryan_food_dialogue,38,Ryan,Oh...,
ed2ece6040ec8b40,L10 Ryan,ryan_food_dialogue,39,Ryan,That's really cute.,
c0fb8d4f93270198,L10 Ryan,ryan_food_dialogue,40,Ryan,"Oh, wonderful. Seem's we're similar.",
82767de7e3e22a4a,L10 Ryan,ryan_food_dialogue,41,Ryan,I think I'd like to meet him!,
b423c91f4f75add4,L10 Ryan,ryan_food_dialogue,42,Kobold,I'll get you two in contact then.,
80c500f9c426d4cc,L10 Ryan,ryan_food_dialogue,43,Kobold,I'm so excited. I'll get you two in contact!,
line:70190774,L10 Ryan,ryan_food_dialogue,44,Ryan,Thanks!,
ec786c9a7656b0f9,L10 Ryan,ryan_food_dialogue,45,Ryan,"Me too, thanks!",
line:3b6d644d,L10 Ryan,ryan_food_dialogue,46,Ryan,Oh.,
028dbc8d077c611f,L10 Ryan,ryan_food_dialogue,47,Ryan,<i>Oh...,
ae590830c4c03fd1,L10 Ryan,ryan_food_dialogue,48,Ryan,I think I'd like you to be that someone aswell.,
b4066b4e58df8005,L10 Ryan,ryan_food_dialogue,49,Kobold,So is this like... our first date?,
8c7e5a49ec8fd685,L10 Ryan,ryan_food_dialogue,50,Kobold,If I'm honest. I've had a crush on you for a bit.,
710ea0057247cb51,L10 Ryan,ryan_food_dialogue,51,Ryan,I guess so!,
de4d091acdb6059c,L10 Ryan,ryan_food_dialogue,52,Ryan,"Really? Aw, That's really sweet.",
35e3561cd36f36d6,L10 Ryan,ryan_food_dialogue,53,Ryan,I didn't know anyone could like me that much so easily.,
f05160456925af3f,L10 Ryan,ryan_food_dialogue,54,Ryan,You're cute by the way.,
a01d64fcb9d7d3a5,L10 Ryan,ryan_food_dialogue,55,Kobold,Yeah. <size=90%>Oh- <size=80%>you know. I'm like... <size=70%>Haha. Yeah. Mhm!,
65691ff38c85e57c,L10 Ryan,ryan_food_dialogue,56,Kobold,You are too!,
d323e565ed8ea749,L10 Ryan,ryan_food_dialogue,57,Ryan,I didn't mean to fluster you!,
145e6a2d848267cb,L10 Ryan,ryan_food_dialogue,58,Ryan,I'm just... Happy.,
0cc014df7d89d3e1,L10 Ryan,ryan_food_dialogue,59,Ryan,"Aw, thanks. I only look so good 'cause of your washes!",
eea7bdf3ab3f251c,L10 Ryan,ryan_food_dialogue,60,Ryan,I'm... Happy.,
d619413abc4a1de1,L10 Ryan,ryan_food_dialogue,61,Ryan,That's fine!,
c2acc8d962a0c936,L10 Ryan,ryan_food_dialogue,62,Ryan,How about you though? have you been seeing anyone?,
2374bdd10aea40ba,L10 Ryan,ryan_food_dialogue,63,Kobold,"There's this one red dragon, Conrad. He's... Hot headed, but cute.",
58a5e5a5a9482e96,L10 Ryan,ryan_food_dialogue,64,Kobold,"Yeah! Conrad, he's adorable. Though he'd hate I said that.",
3d14bcafbc3f21c6,L10 Ryan,ryan_food_dialogue,65,Ryan,"Oh huh, that's the tiny drake I saw coming in a bit back yeah?",
882d8b921688234c,L10 Ryan,ryan_food_dialogue,66,Kobold,Hey! He's just... 'vertically challenged'.,
1ce76f0141c9f53b,L10 Ryan,ryan_food_dialogue,67,Kobold,Mhm! that's him.,
eeedcdd5eaa13110,L10 Ryan,ryan_food_dialogue,68,Ryan,"Oh, sorry.",
dcfc67b1e58c5a49,L10 Ryan,ryan_food_dialogue,69,Ryan,They seem cute!,
94ff2c4b836f0aef,L10 Ryan,ryan_food_dialogue,70,Ryan,"That's wonderful, he's cute!",
abe281ce74304803,L10 Ryan,ryan_food_dialogue,71,Ryan,"Hey uhm, thanks once again.",
9144d5ad20e5a9e8,L10 Ryan,ryan_food_dialogue,72,Kobold,No problem! Can't wait for you to meet Conrad.,
e39b086d1bff71b1,L10 Ryan,ryan_food_dialogue,73,Kobold,"No, thank you. I'm... Really excited.",
1f50e1361eaeacbf,L10 Ryan,ryan_food_dialogue,74,Kobold,Of course! Thank you for the food.,
489184ee3c2573f9,L10 Ryan,ryan_food_dialogue,75,Ryan,"Hah, yeah. He sounds fun.",
28f3547a6af39629,L10 Ryan,ryan_food_dialogue,76,Ryan,"I'll make sure to tell you how it goes, yeah?",
fcd75c87b326482c,L10 Ryan,ryan_food_dialogue,77,Kobold,I'm excited to hear about it!,
a66a9f98f63d5aaf,L10 Ryan,ryan_food_dialogue,78,Kobold,Yeah. You two will be cute.,
39619dc71b15dfde,L10 Ryan,ryan_food_dialogue,79,Ryan,This was nice...,
b2d03d0e5222d95c,L10 Ryan,ryan_food_dialogue,80,Ryan,"See you again soon, yeah?",
17c800776b082018,L10 Ryan,ryan_food_dialogue,81,Kobold,Hopefully! I'll go get the gate.,
56372773e401e131,L10 Ryan,ryan_food_dialogue,82,Kobold,Yeah! Thanks for the food. I'll go get the gate.,
97cffb9a377004b2,L10 Ryan,ryan_food_dialogue,83,Ryan,Yeah... I've never gone on a date with a kobold before.,
50ce0561192b6b01,L10 Ryan,ryan_food_dialogue,84,Ryan,But I already know I'm liking this a lot.,
e823adcc22fd50c2,L10 Ryan,ryan_food_dialogue,85,Kobold,I like you a lot.,
62e851c911a254bb,L10 Ryan,ryan_food_dialogue,86,Kobold,"Yeah, this has been super nice.",
773c0ce37ffbb546,L10 Ryan,ryan_food_dialogue,87,Ryan,Heh. Yeah. I like you too.,
1c6058ce1c7242cf,L10 Ryan,ryan_food_dialogue,88,Ryan,It really has been. You're wonderful.,
32e4e8851f8ac398,L10 Ryan,ryan_food_dialogue,89,Ryan,Thanks for sharing food with me...,
0a94f0c3b65c425c,L10 Ryan,ryan_food_dialogue,90,Ryan,I'm looking forward to seeing you again,
8c39f31ac476e20e,L10 Ryan,ryan_food_dialogue,91,Kobold,I always look forward to seeing you. I'll go get the gate.,
db8848bda5df285f,L10 Ryan,ryan_food_dialogue,92,Kobold,You too! I'll go get the gate.,
f0394a2181ae8df6,L10 Ryan,ryan_food_dialogue,93,Ryan,Okay! I'll see you soon.,
d48a9423f250312c,L10 Ryan,ryan_food_dialogue,94,Ryan,"So this Conrad guy, seems like you like him?",
6eb520b95e8c6388,L10 Ryan,ryan_food_dialogue,95,Kobold,Hehe yeah.,
c97f0b6b1b436f26,L10 Ryan,ryan_food_dialogue,96,Kobold,"He's a lot. But, I like it.",
6525ecb4cd0f0eea,L10 Ryan,ryan_food_dialogue,97,Ryan,That's cute!,
6943d0645de48850,L10 Ryan,ryan_food_dialogue,98,Ryan,Whats your favorite part about him?,
a695d517f16d1719,L10 Ryan,ryan_food_dialogue,99,Kobold,He's like. SUPER hung.,
dbeb304df456a424,L10 Ryan,ryan_food_dialogue,100,Kobold,"He's snappy, but tender too!",
3c29c25f0a23d26a,L10 Ryan,ryan_food_dialogue,101,Kobold,"He's tiny, I like being eye level with him.",
0911d52bc2d9f70b,L10 Ryan,ryan_food_dialogue,102,Kobold,I like... him.,
4aa9ae5f4bbb8541,L10 Ryan,ryan_food_dialogue,103,Ryan,"Oh... Yeah, tinier dragons tend to... Compensate.",
7859d5c981752171,L10 Ryan,ryan_food_dialogue,104,Ryan,"Mmm, Yeah I know the type.",
d8c70d62d0457935,L10 Ryan,ryan_food_dialogue,105,Ryan,Makes sense! Yeah tiny drakes are fun.,
97a18e09f3f990c5,L10 Ryan,ryan_food_dialogue,106,Ryan,Aw... That's really sweet,
fac3f85c3c835445,L10 Ryan,ryan_food_dialogue,107,Ryan,You'll have to tell me how you two work out!,
37e125daa86112bd,L10 Ryan,ryan_food_dialogue,108,Ryan,"Thanks for sharing food with me, You're a great friend.",
120807e0d30c65d5,L10 Ryan,ryan_food_dialogue,109,Kobold,Thanks for the food! I'll go get the gate.,
94ddf87d22b36d07,L10 Ryan,ryan_food_dialogue,110,Kobold,"You're a good friend too, I'll go get the gate.",
02ca8c073be8669d,L10 Ryan,ryan_food_dialogue,111,Ryan,"Okay, I'll see you later!",
# --- picnic: Ryan_grab_basket ---
3276ca6f923e3a2e,L10 Ryan,Ryan_grab_basket,1,Ryan,Bleh. Thank you for grabbing that.,
1790d1bc285d158f,L10 Ryan,Ryan_grab_basket,2,Kobold,You brought food in?,
fab7cff668586c9b,L10 Ryan,Ryan_grab_basket,3,Kobold,Ryan! this is so sweet.,
3f519f6990d85e4d,L10 Ryan,Ryan_grab_basket,4,Ryan,Yeah! It has food that should be good for both of us.,
38953523aa1d8dc9,L10 Ryan,Ryan_grab_basket,5,Ryan,"Hehe, thanks. It has stuff that should be good for both of us.",
f44e62ce0d92a9c3,L10 Ryan,Ryan_grab_basket,6,Ryan,"Although, the portions might be a bit... dragon sized.",
dbe7ccbf37aed06a,L10 Ryan,Ryan_grab_basket,7,Kobold,How come you brought this all in?,
96082d9f598cc1db,L10 Ryan,Ryan_grab_basket,8,Kobold,Do you even need a wash?,
5be9d07e2e19a321,L10 Ryan,Ryan_grab_basket,9,Ryan,For you!,
eea2772cf2ab51f9,L10 Ryan,Ryan_grab_basket,10,Ryan,<size=70%> And for me.,
5da686787e870bc2,L10 Ryan,Ryan_grab_basket,11,Ryan,"No, I don't think I do.",
dfdd49c96bf70312,L10 Ryan,Ryan_grab_basket,12,Ryan,I'm just here to bring you food!,
7efd9697b321d608,L10 Ryan,Ryan_grab_basket,13,Ryan,Figured I'd bring in something nice after all you've done.,
414c0f3bb81740f3,L10 Ryan,Ryan_grab_basket,14,Ryan,Hope that's alright?,
097832ea20a37b63,L10 Ryan,Ryan_grab_basket,15,Kobold,Of course it is!,
460dbc14c8f22914,L10 Ryan,Ryan_grab_basket,17,Ryan,"Awesome, I'm glad.",
6e1aac9408968a3c,L10 Ryan,Ryan_grab_basket,18,Ryan,That must mean it is! I'm glad.,
fe3e5d4e4925ddb6,L10 Ryan,Ryan_grab_basket,19,Ryan,Now... Food?,
# --- picnic: Ryan_grapes_dialog | if $food_number ---
46ca5d912bed1dcc,L10 Ryan,Ryan_grapes_dialog,1,Kobold,Those grapes looked good.,
33f099ac348159d4,L10 Ryan,Ryan_grapes_dialog,2,Kobold,"Ryan, you're not supposed to eat the stems-",
174343e1e975e68b,L10 Ryan,Ryan_grapes_dialog,3,Ryan,They were! The stem is my favorite part though.,
976fdc62e4cbffcf,L10 Ryan,Ryan_grapes_dialog,4,Kobold,Isn't that... Wood?,
8e4f1f66ab3b3860,L10 Ryan,Ryan_grapes_dialog,5,Kobold,Never tried it.,
d053df82397c2f86,L10 Ryan,Ryan_grapes_dialog,6,Ryan,"Yeah, taste good!",
c994875a9f5c8520,L10 Ryan,Ryan_grapes_dialog,7,Ryan,Though you probably shouldn't eat them.,
025e9c74601a1a65,L10 Ryan,Ryan_grapes_dialog,8,Ryan,Dragon stomachs are a bit more... robust than yours.,
b689b40a79b968df,L10 Ryan,Ryan_grapes_dialog,9,Ryan,You probably shouldn't.,
8d834797bd163119,L10 Ryan,Ryan_grapes_dialog,10,Ryan,You'd need a dragon stomach first!,
27935fd7477eba77,L10 Ryan,Ryan_grapes_dialog,11,Ryan,Says who?,
0b71d27200d13a33,L10 Ryan,Ryan_grapes_dialog,12,Kobold,Me?,
47252f2c75dea9ef,L10 Ryan,Ryan_grapes_dialog,13,Kobold,Biology...? <size=70%> <i>I think?,
5af35db6f8fe39ad,L10 Ryan,Ryan_grapes_dialog,14,Ryan,Well...,
79436a008466d243,L10 Ryan,Ryan_grapes_dialog,15,Ryan,I'm a rule breaker!,
49e7a64aec55ff2a,L10 Ryan,Ryan_grapes_dialog,16,Ryan,"Don't worry, dragons are made to eat anything.",
5f82b968ccbb4aaa,L10 Ryan,Ryan_grapes_dialog,17,Ryan,I can digest pretty much anything.,
f9a3f85545840310,L10 Ryan,Ryan_grapes_dialog,18,Ryan,The stem is just extra food.,
53494acb38981cff,L10 Ryan,Ryan_grapes_dialog,19,Ryan,Although grapes have always hit a specific craving.,
77e53d1b1d33b9f0,L10 Ryan,Ryan_grapes_dialog,20,Ryan,"Oh, and seems I got some on my face. woops.",
# --- picnic: Ryan_ham_dialog | if $food_number ---
cb2d2f80636d8a49,L10 Ryan,Ryan_ham_dialog,1,Kobold,RYAN THE BONE!,
523a9690a00a7803,L10 Ryan,Ryan_ham_dialog,2,Kobold,You really ate that entire thing... Woah.,
618839c9ee1f8a65,L10 Ryan,Ryan_ham_dialog,3,Ryan,Mmph- Hm?,
5b917e0078e6beb0,L10 Ryan,Ryan_ham_dialog,4,Ryan,"Oh, that's my favorite part!",
7a41a3b5d6e1acf7,L10 Ryan,Ryan_ham_dialog,5,Kobold,How do you even digest that?,
846f850b875979d4,L10 Ryan,Ryan_ham_dialog,6,Kobold,<size=60%> that's hot.,
f7d4b26ff67eee38,L10 Ryan,Ryan_ham_dialog,7,Ryan,I'm a dragon.,
b86257f47d85426e,L10 Ryan,Ryan_ham_dialog,8,Ryan,Pretty sure I can digest anything.,
a165524a35a75706,L10 Ryan,Ryan_ham_dialog,9,Ryan,It is? Good to know...,
db22d9512845d515,L10 Ryan,Ryan_ham_dialog,10,Ryan,It's the best way to enjoy food.,
a5af381d1ec66e2a,L10 Ryan,Ryan_ham_dialog,11,Ryan,It's interesting; you bipeds tend to savor your meals.,
180983e0a4f4e327,L10 Ryan,Ryan_ham_dialog,12,Ryan,But nothing beats a large gulp!,
# --- picnic: Ryan_melon_dialog | if $food_number ---
e1d0d09daa3129d9,L10 Ryan,Ryan_melon_dialog,1,Ryan,That one was almost too big-,
8725851a4492f86f,L10 Ryan,Ryan_melon_dialog,2,Kobold,You didn't even open the watermelon.,
991947f3461b26a7,L10 Ryan,Ryan_melon_dialog,3,Kobold,How did it taste?,
7d20121dc2fa0757,L10 Ryan,Ryan_melon_dialog,4,Ryan,Yeaaah.,
41f87d2c55073e29,L10 Ryan,Ryan_melon_dialog,5,Ryan,Woops.,
4fafd5a0c9f29d5f,L10 Ryan,Ryan_melon_dialog,6,Ryan,Was still good though! I like how it feels sliding down.,
dc8488830f9d7192,L10 Ryan,Ryan_melon_dialog,7,Ryan,I forgot to bite into it so... Nothing?,
7dedd07a7558afa9,L10 Ryan,Ryan_melon_dialog,8,Ryan,Felt good sliding down though!,
8b4a775ae776722a,L10 Ryan,Ryan_melon_dialog,9,Kobold,<size=70%> woah.,
ef03f59f06da8fa4,L10 Ryan,Ryan_melon_dialog,10,Kobold,It's crazy how much your neck can handle.,
4fc09f2d61d5cc43,L10 Ryan,Ryan_melon_dialog,11,Ryan,Kobolds always seem enamored by me eating.,
032ea150ccdf88be,L10 Ryan,Ryan_melon_dialog,12,Ryan,It's endearing!,
aad3715a2f685dc3,L10 Ryan,Ryan_melon_dialog,13,Ryan,It's made for eating things whole.,
b0a73a78b7d9045b,L10 Ryan,Ryan_melon_dialog,14,Kobold,<size=70%><i>Yeah?,
30ff5a696a0def56,L10 Ryan,Ryan_melon_dialog,16,Ryan,Mhm!,
line:812700a5,L10 Ryan,Ryan_melon_dialog,17,Ryan,...,
901c77872c53d308,L10 Ryan,Ryan_melon_dialog,18,Ryan,Yeah! its useful.,
# --- jerkoff: Ryan_4_JerkOff_Start ---
2d434662c42f6a6c,L10 Ryan,Ryan_4_JerkOff_Start,1,Ryan,Are you sure...? In front of the food?,
031703a96ac0df8c,L10 Ryan,Ryan_4_JerkOff_Start,2,Ryan,Heh... alright.,
# --- cum: Ryan_4_Cum ---
3b1c48772bd5889e,L10 Ryan,Ryan_4_Cum,1,Ryan,Huff... That was nice... Made a bit of a mess though.,
# --- mount_start: Ryan_4_Mount_Start ---
2f31dcbcaa980550,L10 Ryan,Ryan_4_Mount_Start,1,Ryan,Woah... You want me to use that? Even with the food? Alright!,
# --- mount_finish: Ryan_4_Mount_Finish ---
833d21b8cd952764,L10 Ryan,Ryan_4_Mount_Finish,1,Ryan,Made a bit of a mess... Still worth it.,

# ===== Level 11: Conrad (Sunny) =====
# --- intro: Conrad_Intro_4 ---
a67959dc39353129,L11 Conrad,Conrad_Intro_4,1,Conrad/Ryan/Alexander,Something went wrong with flags!,
line:8f64adc0,L11 Conrad,Conrad_Intro_4,1,Conrad,Something went wrong with flags!,
c1a949184675fa92,L11 Conrad,Conrad_Intro_4,2,Conrad/Ryan/Alexander,Help the developers out please..,
line:1954aab7,L11 Conrad,Conrad_Intro_4,2,Conrad,Help the developers out please..,
60f8f02dd7a80d00,L11 Conrad,Conrad_Intro_4,3,Kobold,conrad hooked up with ryan,
6e98155abad655c3,L11 Conrad,Conrad_Intro_4,4,Kobold,player hooked up with conrad,
9cf9d4fc71363f68,L11 Conrad,Conrad_Intro_4,5,Kobold,player hooked up with ryan,
67beed0c39e205b4,L11 Conrad,Conrad_Intro_4,6,Kobold,Hey Conrad!,
d22e2236304b2ef0,L11 Conrad,Conrad_Intro_4,7,Kobold,What's got you looking so happy?,
6183e901a5a22ddc,L11 Conrad,Conrad_Intro_4,8,Kobold,Hey conrad!,
3c0eb60cca3b1422,L11 Conrad,Conrad_Intro_4,9,Conrad,'Ey big kobold.,
ad13467d89f77645,L11 Conrad,Conrad_Intro_4,10,Conrad,Did you do your uh...,
25aab860a8266c4c,L11 Conrad,Conrad_Intro_4,11,Conrad,Scales different today? <size=70%><i>is that a thing...? </i><size=100%>You look good today.,
42e1b9a73c953f33,L11 Conrad,Conrad_Intro_4,12,Kobold,Thanks! Whats with all the... Gloop?,
be118711068118d5,L11 Conrad,Conrad_Intro_4,13,Kobold,"Hah. Conrad, you look good too.",
a4008861bf24c47d,L11 Conrad,Conrad_Intro_4,14,Kobold,That's not a thing... But thank you!,
a951e05bf8506af1,L11 Conrad,Conrad_Intro_4,15,Conrad,Berries.,
line:d6483230,L11 Conrad,Conrad_Intro_4,16,Conrad,...,
765af85f1bd7eafe,L11 Conrad,Conrad_Intro_4,17,Conrad,"Anyways,",
199e91c738a75b4c,L11 Conrad,Conrad_Intro_4,18,Conrad,Damn right I do!,
926069483fd35835,L11 Conrad,Conrad_Intro_4,19,Conrad,Haha... Yeah. I'm not really used to complimenting.,
8c9dc9229a7630ce,L11 Conrad,Conrad_Intro_4,20,Conrad,I Just need a quick wash... Maybe the mount would be nice too.,
3ee865676f6e4c99,L11 Conrad,Conrad_Intro_4,21,Kobold/Ryan,Oh yeah?,
line:2d2820b0,L11 Conrad,Conrad_Intro_4,21,Kobold,Oh yeah?,
5fae46a5c8669c29,L11 Conrad,Conrad_Intro_4,22,Kobold,Sure! I'll go get the gate.,
daa08f627cbbfb9e,L11 Conrad,Conrad_Intro_4,23,Conrad,Yeah- Though only if you want!,
20ee725c28fb397e,L11 Conrad,Conrad_Intro_4,24,Conrad,I'm trying not to be pushy.,
374fe9cc22a15007,L11 Conrad,Conrad_Intro_4,25,Kobold,"Aw, I'll go get you the gate.",
line:34ec4db7,L11 Conrad,Conrad_Intro_4,26,Conrad,Thanks.,
line:188d4359,L11 Conrad,Conrad_Intro_4,27,Conrad,Thanks.,
ae53715099e0d53d,L11 Conrad,Conrad_Intro_4,28,Conrad,Ryan! I met him.,
caefb85b87a51126,L11 Conrad,Conrad_Intro_4,29,Kobold,Nice! Whats with all the... Gloop?,
0452c0f1847f4a72,L11 Conrad,Conrad_Intro_4,30,Kobold,How did it go?,
line:cfe4b91d,L11 Conrad,Conrad_Intro_4,32,Conrad,...,
940b2bb279fbfd8a,L11 Conrad,Conrad_Intro_4,33,Conrad,Thank you for getting me and Ryan in contact.,
6c42e3202026a3e8,L11 Conrad,Conrad_Intro_4,34,Conrad,Really well honestly.,
91b34251e9ff7711,L11 Conrad,Conrad_Intro_4,35,Conrad,I never thought someone like him would be my type...,
abc0fe0ceed24339,L11 Conrad,Conrad_Intro_4,36,Kobold,You'll have to tell me all about it.,
ab20df82132f07cc,L11 Conrad,Conrad_Intro_4,37,Conrad,"I will. I just need a quick wash, and wouldn't mind using the mount today.",
17c5f180de5a8348,L11 Conrad,Conrad_Intro_4,38,Conrad,Gotta <i>practice</i> for Ryan if you catch what I mean.,
9912569ea696f8ed,L11 Conrad,Conrad_Intro_4,39,Kobold,Conrad!,
106f99c061d35f26,L11 Conrad,Conrad_Intro_4,40,Kobold,Okay- okay. I'll go get the gate.,
f71200a57e2d1d7a,L11 Conrad,Conrad_Intro_4,41,Conrad,Whaaat? It's good to make sure you're warmed up!,
line:3484ab9d,L11 Conrad,Conrad_Intro_4,42,Conrad,Thanks!,
65bee50d904e101d,L11 Conrad,Conrad_Intro_4,43,Conrad,Hey hey. Glad you're open.,
4d5dda82efc31458,L11 Conrad,Conrad_Intro_4,44,Conrad,Lookin' for a hose down. Wouldn't mind using the mount aswell.,
0ecdd0ec4c0cf66c,L11 Conrad,Conrad_Intro_4,45,Kobold,"Oooh, alrighty.",
3252727dec6314c5,L11 Conrad,Conrad_Intro_4,47,Kobold,Whats with all the... Gloop?,
91bc8d1d6dc8cdb7,L11 Conrad,Conrad_Intro_4,48,Conrad,Heh. Yeah.,
line:bc5d790a,L11 Conrad,Conrad_Intro_4,50,Conrad,Thanks!,
line:4d868f2f,L11 Conrad,Conrad_Intro_4,51,Conrad,Thanks!,
line:c272e55f,L11 Conrad,Conrad_Intro_4,53,Conrad,...,
1aced2f074444bdc,L11 Conrad,Conrad_Intro_4,54,Kobold,Oh. Okay I'll go get the gate.,
# --- progress: Conrad_required_4 ---
a5965f548b64e3cf,L11 Conrad,Conrad_required_4,1,Conrad,"Hey, I've got a question for you.",
9ad0664c4ac1572a,L11 Conrad,Conrad_required_4,2,Kobold,Oh Yeah?,
d448809fdbbeaf11,L11 Conrad,Conrad_required_4,4,Kobold,Oh yeeeaaah?,
51dbc8c7be16145b,L11 Conrad,Conrad_required_4,5,Kobold,"Whats up, big guy?",
# --- progress: Conrad_4_Ryan_Conrad_Romanced | if $ryan_conrad_romanced $conrad_romanced $ryan_romanced ---
e6071cb4e7c448c8,L11 Conrad,Conrad_4_Ryan_Conrad_Romanced,1,Conrad,"With Ryan, I'm pretty sure we're gonna go on a date tonight.",
9ee7e6a6ebccf907,L11 Conrad,Conrad_4_Ryan_Conrad_Romanced,2,Conrad,Do you have any advice?,
f7af2bd25c827e3d,L11 Conrad,Conrad_4_Ryan_Conrad_Romanced,3,Kobold,Be yourself!,
a58248b820567c49,L11 Conrad,Conrad_4_Ryan_Conrad_Romanced,4,Kobold,Make sure you're very clean. <size=70%><i>hehe.,
528e2755301df89e,L11 Conrad,Conrad_4_Ryan_Conrad_Romanced,5,Conrad,I'm trying my best.,
71cfcccd17dc37fc,L11 Conrad,Conrad_4_Ryan_Conrad_Romanced,6,Conrad,"So far so good though, yeah?",
93a2ca86985333fe,L11 Conrad,Conrad_4_Ryan_Conrad_Romanced,7,Kobold,I think so!,
55842427ae2db4e3,L11 Conrad,Conrad_4_Ryan_Conrad_Romanced,8,Kobold,"If someone like Ryan is interested, you're doing great.",
line:c642cb17,L11 Conrad,Conrad_4_Ryan_Conrad_Romanced,9,Conrad,Thanks.,
162762064c5d0461,L11 Conrad,Conrad_4_Ryan_Conrad_Romanced,10,Conrad,Hah. If only there was a kobold that could clean me.,
4ae6d6619b0245f7,L11 Conrad,Conrad_4_Ryan_Conrad_Romanced,11,Kobold,If only.,
6267e98361c404ca,L11 Conrad,Conrad_4_Ryan_Conrad_Romanced,12,Kobold,I'll make sure you're <i>spotless.,
7c0c5a4da3de6046,L11 Conrad,Conrad_4_Ryan_Conrad_Romanced,13,Conrad,"Jokes aside, your wash is definitely the best.",
207d91f2342e8d0c,L11 Conrad,Conrad_4_Ryan_Conrad_Romanced,14,Conrad,Thank you. Look good feel good!,
# --- progress: Conrad_4_Conrad_Romanced | if $ryan_conrad_romanced $conrad_romanced $ryan_romanced ---
a8ee5e15400fc208,L11 Conrad,Conrad_4_Conrad_Romanced,1,Conrad,So... A date. I think I'd like to go on one soon!,
line:b9d8a22f,L11 Conrad,Conrad_4_Conrad_Romanced,2,Kobold,Oh yeah?,
f2f6817fb49621c2,L11 Conrad,Conrad_4_Conrad_Romanced,3,Kobold,I'd love to!,
82ddb728ff9d18a9,L11 Conrad,Conrad_4_Conrad_Romanced,4,Conrad,I was thinking. We could go out some time next week?,
fc253d9eb67cd473,L11 Conrad,Conrad_4_Conrad_Romanced,5,Kobold,Sounds nice.,
9a03666243082379,L11 Conrad,Conrad_4_Conrad_Romanced,6,Kobold,I wouldn't mind!,
67f68a72462bca9b,L11 Conrad,Conrad_4_Conrad_Romanced,7,Conrad/Ryan,Awesome!,
line:70306ba1,L11 Conrad,Conrad_4_Conrad_Romanced,7,Conrad,Awesome!,
45ec6449f36fb5b9,L11 Conrad,Conrad_4_Conrad_Romanced,8,Conrad,Next time I come in for a wash we'll go.,
ee6194b2fabfafdc,L11 Conrad,Conrad_4_Conrad_Romanced,9,Kobold,I would like that!,
38c7fbb586ed7788,L11 Conrad,Conrad_4_Conrad_Romanced,10,Kobold,Sounds like a plan.,
de408e85752b4a9e,L11 Conrad,Conrad_4_Conrad_Romanced,11,Conrad/Kobold/Alexander,I'm excited.,
line:69f406a6,L11 Conrad,Conrad_4_Conrad_Romanced,11,Conrad,I'm excited.,
# --- progress: Conrad_Ryan_Romanced | if $ryan_conrad_romanced $conrad_romanced $ryan_romanced ---
8dc7f14f91542fe7,L11 Conrad,Conrad_Ryan_Romanced,1,Conrad,So you and Ryan huh?,
498cb71ee3e20098,L11 Conrad,Conrad_Ryan_Romanced,2,Kobold,"Oh, yeah!",
37d827f8025ee687,L11 Conrad,Conrad_Ryan_Romanced,3,Kobold,He's hot.,
64db0ca49ca9563d,L11 Conrad,Conrad_Ryan_Romanced,4,Kobold,He's my dream dragon.,
bdfc096fee84c4fb,L11 Conrad,Conrad_Ryan_Romanced,5,Conrad,I'm happy for you!,
cb24c38318e64595,L11 Conrad,Conrad_Ryan_Romanced,6,Conrad,Sounds like it.,
0e5b54a94da4725b,L11 Conrad,Conrad_Ryan_Romanced,8,Kobold,How about you? Anyone exciting?,
5f9173229e51d947,L11 Conrad,Conrad_Ryan_Romanced,9,Kobold,Yeah I'm happy too.,
68fa6f383249196c,L11 Conrad,Conrad_Ryan_Romanced,10,Conrad,Kinda! I've been getting out more.,
e589607da4e2983d,L11 Conrad,Conrad_Ryan_Romanced,11,Conrad,Found this one gryphon. About my size...,
d69f5ee422fdf377,L11 Conrad,Conrad_Ryan_Romanced,12,Conrad,I think he's got a crush on me.,
9aab87987aca7783,L11 Conrad,Conrad_Ryan_Romanced,13,Conrad,...<i><size=70%>I have one on him at least.,
7b42e92a68e914e0,L11 Conrad,Conrad_Ryan_Romanced,14,Conrad,That's good to hear.,
88b86bef7b86a770,L11 Conrad,Conrad_Ryan_Romanced,15,Conrad,Yeah he seems like he'd push some buttons.,
# --- jerkoff: Conrad_4_JerkOff_Start ---
395b9d676b6c01c5,L11 Conrad,Conrad_4_JerkOff_Start,1,Conrad,Oh- Right now? 'aight I'm down.,
# --- cum: Conrad_4_Cum ---
cf5ea034da108d57,L11 Conrad,Conrad_4_Cum,1,Conrad,Nnnf... That was way better than those berries.,
# --- mount_start: Conrad_4_Mount_Start ---
9c4eeb4a7cc4c1e1,L11 Conrad,Conrad_4_Mount_Start,1,Conrad,Ey! The mount! Fuck yeah.,
# --- mount_finish: Conrad_4_Mount_Finish ---
307f6f92f16156e7,L11 Conrad,Conrad_4_Mount_Finish,1,Conrad,Haah. This is the best fuckin' wash.,
# --- outro: Conrad_Outro_4 ---
4012236175bc195e,L11 Conrad,Conrad_Outro_4,1,Kobold,You should be all clean!,
4a93a020168bbd0d,L11 Conrad,Conrad_Outro_4,2,Kobold,Think that's it.,
2ce654e6ba32ebb8,L11 Conrad,Conrad_Outro_4,3,Kobold,You look good this clean!,
d6d9eff64b0d7187,L11 Conrad,Conrad_Outro_4,4,Kobold,<i>I like spraying you with water.,
feda452e0c677f41,L11 Conrad,Conrad_Outro_4,5,Kobold,Alrighty! That should be it.,
e2956ac74f8acb8e,L11 Conrad,Conrad_Outro_4,6,Kobold,Think that's every spot.,
# --- outro: Conrad_Outro_4_Ryan_Conrad_Romanced | if $ryan_conrad_romanced $conrad_romanced $ryan_romanced ---
0fa2abeece5fd3de,L11 Conrad,Conrad_Outro_4_Ryan_Conrad_Romanced,1,Conrad,Yeah! I feel clean.,
1b5f2f27de868c08,L11 Conrad,Conrad_Outro_4_Ryan_Conrad_Romanced,2,Conrad,"Hey uh, do you think Ryan and I will <i>actually</i> work out?",
ebc110388e3748fa,L11 Conrad,Conrad_Outro_4_Ryan_Conrad_Romanced,3,Kobold/Alexander,Of course!,
line:877aced7,L11 Conrad,Conrad_Outro_4_Ryan_Conrad_Romanced,3,Kobold,Of course!,
5bc10e8175dc9422,L11 Conrad,Conrad_Outro_4_Ryan_Conrad_Romanced,4,Kobold,I hope so.,
3da3a77980cb9eb9,L11 Conrad,Conrad_Outro_4_Ryan_Conrad_Romanced,5,Conrad,I hope you're right.,
43e42fb816f1d2c2,L11 Conrad,Conrad_Outro_4_Ryan_Conrad_Romanced,6,Conrad,"Yeah, me too. He's real nice.",
603a3749013e876b,L11 Conrad,Conrad_Outro_4_Ryan_Conrad_Romanced,7,Conrad,It's hard to not be nervous after everything...,
189f4f64972cc1fe,L11 Conrad,Conrad_Outro_4_Ryan_Conrad_Romanced,8,Conrad,"But I'm hot shit, so I'll be fine.",
40b8366766a655d6,L11 Conrad,Conrad_Outro_4_Ryan_Conrad_Romanced,9,Conrad,Hopefully.,
dde93c3f47e98763,L11 Conrad,Conrad_Outro_4_Ryan_Conrad_Romanced,10,Conrad,Our first meeting went great though!,
0a47996c4c389f39,L11 Conrad,Conrad_Outro_4_Ryan_Conrad_Romanced,11,Kobold,Yeah? tell me about it!,
589c19f0d1fb2d81,L11 Conrad,Conrad_Outro_4_Ryan_Conrad_Romanced,12,Kobold,That's great! whens your first date?,
56345c46f3840a46,L11 Conrad,Conrad_Outro_4_Ryan_Conrad_Romanced,13,Conrad,"He called me, we met up. He's really damn nice.",
080824870e4c7a15,L11 Conrad,Conrad_Outro_4_Ryan_Conrad_Romanced,14,Conrad,"He said I was chill, we planned a date...",
d98ca4f1aac91861,L11 Conrad,Conrad_Outro_4_Ryan_Conrad_Romanced,15,Conrad,And that's why I'm here! Going to be heading out after this wash to go see him.,
35b34afec858433c,L11 Conrad,Conrad_Outro_4_Ryan_Conrad_Romanced,16,Conrad,Right after this wash!,
d925b0f0ac6611e6,L11 Conrad,Conrad_Outro_4_Ryan_Conrad_Romanced,17,Conrad,We'll be going out to this seafood place-,
5421d19c6a9cd188,L11 Conrad,Conrad_Outro_4_Ryan_Conrad_Romanced,18,Conrad,I already have spot at the club reserved.,
6ffd2844813c419e,L11 Conrad,Conrad_Outro_4_Ryan_Conrad_Romanced,19,Kobold,Then I better let you out!,
d547385bcae74ca2,L11 Conrad,Conrad_Outro_4_Ryan_Conrad_Romanced,20,Kobold,I'm excited for you. I'll get the gate!,
9458fe24a9152c2b,L11 Conrad,Conrad_Outro_4_Ryan_Conrad_Romanced,21,Conrad,Hah... Yeah I'm excited.,
83a4b4bd32149db8,L11 Conrad,Conrad_Outro_4_Ryan_Conrad_Romanced,22,Conrad,"Thanks, I'm excited too.",
# --- outro: Conrad_Outro_4_Conrad_Romanced | if $ryan_conrad_romanced $conrad_romanced $ryan_romanced ---
ad0500f8d2500c0f,L11 Conrad,Conrad_Outro_4_Conrad_Romanced,1,Conrad,I feel spotless as always.,
297d60c9e5c25580,L11 Conrad,Conrad_Outro_4_Conrad_Romanced,2,Conrad,"Oh, and I've figured it where to go.",
line:d8ce8566,L11 Conrad,Conrad_Outro_4_Conrad_Romanced,3,Kobold,Oh yeah?,
f22c7f64f7e136d4,L11 Conrad,Conrad_Outro_4_Conrad_Romanced,5,Conrad,Theres this club downtown. 'Wings'. It's an old favorite of mine.,
5dcbc1f451fcc29d,L11 Conrad,Conrad_Outro_4_Conrad_Romanced,6,Conrad,I'm a bit of a big deal around there.,
99c9d7ee0966d8d1,L11 Conrad,Conrad_Outro_4_Conrad_Romanced,7,Conrad,I could get us the <i>nicest</i> spots for their show.,
02f6a5560835daa6,L11 Conrad,Conrad_Outro_4_Conrad_Romanced,8,Kobold,"Hah, okay. I'm game.",
7137eb7d65d8f4d8,L11 Conrad,Conrad_Outro_4_Conrad_Romanced,9,Kobold,Ooooh must be a big deal then.,
60c5caff4aee58e9,L11 Conrad,Conrad_Outro_4_Conrad_Romanced,10,Conrad,"Fuck man, I'm so pumped.",
d37d98f486ba54c5,L11 Conrad,Conrad_Outro_4_Conrad_Romanced,11,Conrad,I'll start prepping for it.,
bf3d9317290e56b0,L11 Conrad,Conrad_Outro_4_Conrad_Romanced,12,Conrad,Next time I come in I'll have reservations!,
f11ccc8c0bd5ecbc,L11 Conrad,Conrad_Outro_4_Conrad_Romanced,13,Conrad,Could you go get the gate?,
ffcc816df16993e6,L11 Conrad,Conrad_Outro_4_Conrad_Romanced,14,Conrad,Damn right.,
line:b59e9091,L11 Conrad,Conrad_Outro_4_Conrad_Romanced,15,Conrad,...,
c25790cd739260fd,L11 Conrad,Conrad_Outro_4_Conrad_Romanced,16,Conrad,You're a big deal,
b18d301dab41755f,L11 Conrad,Conrad_Outro_4_Conrad_Romanced,17,Conrad,Sorry I'm bad at flirting. Could you get the gate?,
line:24832f01,L11 Conrad,Conrad_Outro_4_Conrad_Romanced,18,Conrad,I'm excited.,
# --- outro: Conrad_Outro_4_Ryan_Romanced | if $ryan_conrad_romanced $conrad_romanced $ryan_romanced ---
6fe24a5cf11acb37,L11 Conrad,Conrad_Outro_4_Ryan_Romanced,1,Conrad,Yeah! clean as always.,
8f0378325ead68c7,L11 Conrad,Conrad_Outro_4_Ryan_Romanced,2,Conrad,Do you have any plans with ryan?,
a12011af4e943fb2,L11 Conrad,Conrad_Outro_4_Ryan_Romanced,3,Kobold,Not sure yet.,
c3393181a97b4208,L11 Conrad,Conrad_Outro_4_Ryan_Romanced,4,Kobold,I'm thinking a date soon.,
5ef95c64f52e6263,L11 Conrad,Conrad_Outro_4_Ryan_Romanced,5,Conrad,Fair enough. You two do seem cute together.,
6d8a46a5e1da81ef,L11 Conrad,Conrad_Outro_4_Ryan_Romanced,6,Conrad,I really do hope it all works out!,
1884386d93b6fccd,L11 Conrad,Conrad_Outro_4_Ryan_Romanced,7,Conrad,Yeah! That would be amazing.,
c5cace2191af6925,L11 Conrad,Conrad_Outro_4_Ryan_Romanced,8,Conrad,You two are really cute together...,
9e806b93dd0d48fe,L11 Conrad,Conrad_Outro_4_Ryan_Romanced,9,Conrad,I hope it all works out.,
83a8afa550485db4,L11 Conrad,Conrad_Outro_4_Ryan_Romanced,10,Conrad,"That should be all though, could you go get the gate?",

# ===== Level 12: Alexander (Rainy) =====
# --- intro: Alexander_4_intro ---
0248808ddaa3479e,L12 Alexander,Alexander_4_intro,1,Alexander,Good evening!,
d3d306a15d158e29,L12 Alexander,Alexander_4_intro,2,Kobold,Hiiiii! Hiii!,
68094c643e49d3c6,L12 Alexander,Alexander_4_intro,3,Kobold,"Hey, Alexander!",
e8c921ab9051f110,L12 Alexander,Alexander_4_intro,4,Alexander,"Hah, eager as always.",
3b767556f3eeaa3b,L12 Alexander,Alexander_4_intro,5,Alexander,It's wonderful to be back!,
96ed1471d1f86a4d,L12 Alexander,Alexander_4_intro,6,Alexander,The rain has been unrelenting today!,
429d93ef0fafbe8a,L12 Alexander,Alexander_4_intro,7,Alexander,The ambiance is nice.,
a9945cd0cd165325,L12 Alexander,Alexander_4_intro,8,Kobold,The rain is nice.,
7259414f82b0b97a,L12 Alexander,Alexander_4_intro,9,Kobold,I've always hated the rain.,
bfad19e22f9652cc,L12 Alexander,Alexander_4_intro,10,Alexander,"Agreed, though I'd still like to be let in as soon as convenient.",
line:fd8d786a,L12 Alexander,Alexander_4_intro,11,Alexander,Oh?,
91a5c27ef059ab24,L12 Alexander,Alexander_4_intro,12,Alexander,I suppose I understand disliking the mess it may cause.,
882df59f0a75b295,L12 Alexander,Alexander_4_intro,13,Alexander,But that is why I am here!,
990e43e4f2687cdf,L12 Alexander,Alexander_4_intro,14,Kobold,Alright! I'll go get you the gate.,
846b613e707ce00d,L12 Alexander,Alexander_4_intro,15,Kobold,Yip! <size=70%>(Gate),
line:e449156d,L12 Alexander,Alexander_4_intro,16,Alexander,Thank you!,
1ceb64d9cf6889fd,L12 Alexander,Alexander_4_intro,17,Alexander,"Mmm, I understand that to mean you'll get the gate?",
56deaef9d6b92a31,L12 Alexander,Alexander_4_intro,18,Kobold,Yip! <size=70%>(Yes),
fd0d3e3077aaf4ce,L12 Alexander,Alexander_4_intro,19,Alexander,I'm not certain why I suddenly understand your 'Yips',
7a919cef111fe275,L12 Alexander,Alexander_4_intro,20,Kobold,Yip! <size=70%>(It's because the dormant part of your draconic mind is remembering the deep set language bridge between your kind and mine. Which carries the deep meaning and intention of kobold 'Yips' within it. This sudden understanding of yours is simply from our connection growing over time and activating that part of your mind.),
6d8c462224bca1b5,L12 Alexander,Alexander_4_intro,21,Kobold,Yip! <size=70%>(idk),
line:848f5cd8,L12 Alexander,Alexander_4_intro,23,Alexander,...,
8e7ead434fce5609,L12 Alexander,Alexander_4_intro,24,Alexander,Could you get the gate...?,
19be549c91d82ff3,L12 Alexander,Alexander_4_intro,25,Alexander,Fair enough. I'll be waiting!,
# --- progress: Alexander_4_required ---
c19ca0647cc1a583,L12 Alexander,Alexander_4_required,1,Alexander,I've been thinking...,
6d9630067757f781,L12 Alexander,Alexander_4_required,2,Alexander,I couldn't help but notice the... device over there.,
7bd6925025a24288,L12 Alexander,Alexander_4_required,3,Alexander,"That's a mount, no?",
54b9fbcd575cd0a7,L12 Alexander,Alexander_4_required,4,Kobold,Sure is!,
1f5aad5cbae1a020,L12 Alexander,Alexander_4_required,5,Kobold,Do you want to use it?,
36a85b3430aa6639,L12 Alexander,Alexander_4_required,6,Alexander,I'm... wondering...,
d2b8ae469c604bfb,L12 Alexander,Alexander_4_required,7,Alexander,If I could uhm...,
577e4edfcd4fa53d,L12 Alexander,Alexander_4_required,8,Alexander,Maybe like...,
4caa8162834de434,L12 Alexander,Alexander_4_required,9,Alexander,Just possibly...,
d89de41838a75fa0,L12 Alexander,Alexander_4_required,10,Kobold,If you want to use it that's fine!,
68ad27123e1df879,L12 Alexander,Alexander_4_required,11,Kobold,"No need to be nervous, Alexander!",
6dece6f0ec399d4e,L12 Alexander,Alexander_4_required,12,Alexander,I think I'd like to?,
08ab3092d83ed1d3,L12 Alexander,Alexander_4_required,13,Alexander,I know. I know.,
81a4fcd2541ac990,L12 Alexander,Alexander_4_required,14,Alexander,I think I'd like to use it?,
line:ebd9b4d3,L12 Alexander,Alexander_4_required,15,Alexander,Oh.,
67c0f2a71f4ff613,L12 Alexander,Alexander_4_required,16,Alexander,Uh... uhm...,
4640c27322f55d8c,L12 Alexander,Alexander_4_required,17,Alexander,Possibly...?,
9739b879143b91cf,L12 Alexander,Alexander_4_required,18,Alexander,Only If that's alright-,
e2dce2bed173fba0,L12 Alexander,Alexander_4_required,20,Kobold,Sure it is. Thanks to Conrad for having me get it.,
f12929f0cef567d7,L12 Alexander,Alexander_4_required,21,Alexander,Alright alright... Then I think I'd like to use it?,
76ea754cd53f21dc,L12 Alexander,Alexander_4_required,22,Alexander,Conrad...?,
line:d9516fdd,L12 Alexander,Alexander_4_required,23,Alexander,...,
18b51cf572e4b49a,L12 Alexander,Alexander_4_required,25,Kobold,Fine with me!,
334a54e73cf69dc1,L12 Alexander,Alexander_4_required,26,Kobold,I'll happily get that for you.,
7bd62126f382f565,L12 Alexander,Alexander_4_required,27,Alexander,Mhm... Thank you.,
d2c15503eb28631b,L12 Alexander,Alexander_4_required,28,Alexander,Okay- Thanks.,
# --- jerkoff: Alexander_4_JerkOff_Start ---
47122b215cc11a2b,L12 Alexander,Alexander_4_JerkOff_Start,1,Alexander,Oh... I suppose this is alright~,
# --- cum: Alexander_4_Cum ---
ed6a9612f44b19ea,L12 Alexander,Alexander_4_Cum,1,Alexander,huff... Thank you for that.,
# --- mount_start: Alexander_4_Mount_Start ---
1db0bf44f69526fc,L12 Alexander,Alexander_4_Mount_Start,1,Alexander,The mount? I... suppose!,
# --- mount_finish: Alexander_4_Mount_Finish ---
76527d719ccc95a3,L12 Alexander,Alexander_4_Mount_Finish,1,Alexander,That was... Nicer than I expected.,
# --- outro: Alexander_4_Outro ---
35278dc46019f9b9,L12 Alexander,Alexander_4_Outro,1,Alexander,I feel much better.,
5547ec33b10091a2,L12 Alexander,Alexander_4_Outro,2,Alexander,I... Know this is unprompted.,
3ce3dec2bd740757,L12 Alexander,Alexander_4_Outro,3,Alexander,"But, I think you've taught me something.",
line:21c46e75,L12 Alexander,Alexander_4_Outro,4,Kobold,Oh?,
5eca8560307cac86,L12 Alexander,Alexander_4_Outro,5,Kobold,But you're the teacher dragon.,
419ecbf32abefda1,L12 Alexander,Alexander_4_Outro,6,Alexander,"Professor, but yes. You have.",
0b1b8529d2c3c5fc,L12 Alexander,Alexander_4_Outro,7,Alexander,I think I like being taken care of?,
4df2487e01509478,L12 Alexander,Alexander_4_Outro,8,Kobold,Most people do!,
c9f8ba59379bb60a,L12 Alexander,Alexander_4_Outro,9,Kobold,I like taking care of you.,
93786b06bef36348,L12 Alexander,Alexander_4_Outro,10,Alexander,"Well, yes. I mean more... Primally?",
b868cb066c4b572d,L12 Alexander,Alexander_4_Outro,11,Alexander,"That nice to hear... But, I mean being taken care of more... Primally?",
565a3630f0cfbcc5,L12 Alexander,Alexander_4_Outro,12,Alexander,I enjoy when you tell me what to do with a pat of your hand.,
1161a29c118dbaa6,L12 Alexander,Alexander_4_Outro,13,Alexander,I like how sure of yourself you are. Even if it just has to do with washing.,
32c31015075eeede,L12 Alexander,Alexander_4_Outro,14,Alexander,"It's nice to relinquish control, even for a moment.",
1651e2418c22d0c0,L12 Alexander,Alexander_4_Outro,15,Kobold,<size=70%> A big dragon giving me control. Woah.,
bd051341e68cc04e,L12 Alexander,Alexander_4_Outro,16,Kobold,I'm happy to give you a place you can relax.,
2e1f723e42b149be,L12 Alexander,Alexander_4_Outro,17,Alexander,It is rather novel isn't it?,
8212cbdd05d21f37,L12 Alexander,Alexander_4_Outro,18,Alexander,"I'll be back soon, yeah? Thanks for the wash.",
b5f8ec9a6918d554,L12 Alexander,Alexander_4_Outro,19,Alexander,"It's freeing. I'll be back, yeah?",

# ===== Level 13: Ryan (Sunny) =====
# --- intro: Ryan_5_intro ---
line:61c7f2d6,L13 Ryan,Ryan_5_intro,1,Ryan,Something went wrong with flags!,
line:f7f7f5a1,L13 Ryan,Ryan_5_intro,2,Ryan,Help the developers out please..,
dcd95465ccb79997,L13 Ryan,Ryan_5_intro,6,Kobold,Hey big guy.,
a4c1cb0899f204fc,L13 Ryan,Ryan_5_intro,8,Ryan,Hey... little guy!,
df50afc7f5e2d994,L13 Ryan,Ryan_5_intro,9,Kobold,I'm not <i>that</i> little-,
8061d3d1aed7c531,L13 Ryan,Ryan_5_intro,10,Kobold,"So, coming in for a wash?",
1107598aa9bc6c75,L13 Ryan,Ryan_5_intro,11,Ryan,"Oh, sorry-",
061629ac669e11f8,L13 Ryan,Ryan_5_intro,12,Ryan,Was just trying to play along. Happy to see you!,
cdc7ebc001250566,L13 Ryan,Ryan_5_intro,13,Ryan,Yup!,
f8c3932b65e6bbb0,L13 Ryan,Ryan_5_intro,14,Ryan,Hey kobold!,
4a5d3b88460afb6b,L13 Ryan,Ryan_5_intro,15,Ryan,I decided to try baking.,
b483e9c7e323807a,L13 Ryan,Ryan_5_intro,16,Ryan,I've had a lot of free time lately.,
afd9ef6045a7191c,L13 Ryan,Ryan_5_intro,17,Ryan,It turns out baking is messy!,
808f38835d1deb53,L13 Ryan,Ryan_5_intro,18,Ryan,I could use a wash.,
# --- intro: Ryan_5_intro_ryan_romanced | if $ryan_conrad_romanced $conrad_romanced $ryan_romanced ---
efa367904267d1f9,L13 Ryan,Ryan_5_intro_ryan_romanced,1,Ryan,...A wash for our date tonight.,
d510da8dc09c7bd7,L13 Ryan,Ryan_5_intro_ryan_romanced,2,Kobold,OH. RIGHT.,
cb4f55dc25088cef,L13 Ryan,Ryan_5_intro_ryan_romanced,3,Kobold,I'm very excited.,
63b5ec8a662e7e8f,L13 Ryan,Ryan_5_intro_ryan_romanced,4,Ryan,Glad I'm here to remind you then.,
line:141c006f,L13 Ryan,Ryan_5_intro_ryan_romanced,5,Ryan,I am too.,
60004e58bb12dd3c,L13 Ryan,Ryan_5_intro_ryan_romanced,6,Ryan,I'll be waiting for the gate!,
# --- intro: Ryan_5_intro ---
3ff66f86649ed3f4,L13 Ryan,Ryan_5_intro,19,Kobold,"Hey there, Ryan!",
bab3e0bf3bfcf52e,L13 Ryan,Ryan_5_intro,20,Ryan,Hey! I'm here for a wash.,
747b7932ed2e84f2,L13 Ryan,Ryan_5_intro,24,Kobold,"Awesome, I'll go get the gate.",
1fa67d86839c19a3,L13 Ryan,Ryan_5_intro,25,Kobold,Sure! I'm excited to tell you about Conrad.,
line:f62e1c4f,L13 Ryan,Ryan_5_intro,26,Ryan,Thanks.,
line:f103a4a8,L13 Ryan,Ryan_5_intro,27,Ryan,Oh yeah?,
4c5ca3860699fcd3,L13 Ryan,Ryan_5_intro,28,Kobold,Yeah! I'm going on a date with him soon.,
29301eae6840e128,L13 Ryan,Ryan_5_intro,29,Kobold,"Mmmmhm, gotta prep for a date with him.",
154dbd6d6bdc9f0e,L13 Ryan,Ryan_5_intro,30,Ryan,That's exciting!,
e1867b98d8ce23bd,L13 Ryan,Ryan_5_intro,31,Ryan,You'll have to tell me more inside.,
10dc92e80220fe9b,L13 Ryan,Ryan_5_intro,33,Kobold,Heeeey Ryan.,
b57c370a0fcc7045,L13 Ryan,Ryan_5_intro,34,Ryan,Hey!,
cd80a4a851309647,L13 Ryan,Ryan_5_intro,38,Kobold,How was your date with Conrad?,
26eed1b65d0e1370,L13 Ryan,Ryan_5_intro,39,Kobold,TELL ME ABOUT YOU AND CONRAD!,
b433dad7fc4cdb18,L13 Ryan,Ryan_5_intro,40,Ryan,It went great!,
cd235c4d7d27fbdb,L13 Ryan,Ryan_5_intro,41,Ryan,Oh- Eager!,
7b1f5d058f2045c5,L13 Ryan,Ryan_5_intro,43,Ryan,We went out to eat. Had some good conversation.,
4932dbc11ab131d4,L13 Ryan,Ryan_5_intro,44,Ryan,One thing led to another...,
1a86226c86c7138f,L13 Ryan,Ryan_5_intro,45,Ryan,Went to the bar... Things got spicy. You can imagine what happened next... <size=70%>Hah...,
# --- progress: Ryan_5_Required_ryan_romanced | if $ryan_romanced ---
e61676df3c022293,L13 Ryan,Ryan_5_Required_ryan_romanced,1,Ryan,So. Our date tonight...,
c022fa54258553ea,L13 Ryan,Ryan_5_Required_ryan_romanced,2,Ryan,Where would you like to go?,
6c0884e4717c5d5b,L13 Ryan,Ryan_5_Required_ryan_romanced,3,Kobold,You decide!,
bbedb233b6bbe2ea,L13 Ryan,Ryan_5_Required_ryan_romanced,4,Kobold,I'd like to go out to eat.,
fb57b97d646f43c9,L13 Ryan,Ryan_5_Required_ryan_romanced,5,Kobold,Do you know any good bars?,
d2c0f4718541c240,L13 Ryan,Ryan_5_Required_ryan_romanced,6,Kobold,What about a movie?,
98ef145fb642c5b6,L13 Ryan,Ryan_5_Required_ryan_romanced,7,Ryan,Maybe we could just... Walk?,
4bad2b5ecfe22c4a,L13 Ryan,Ryan_5_Required_ryan_romanced,8,Ryan,I'm really fond of letting folks ride on my back.,
6e8c399ff118f405,L13 Ryan,Ryan_5_Required_ryan_romanced,9,Ryan,Would that interest you?,
7da2aa0d4ef74597,L13 Ryan,Ryan_5_Required_ryan_romanced,10,Kobold,That sounds lovely!,
db39ae73af1cfae5,L13 Ryan,Ryan_5_Required_ryan_romanced,11,Kobold,Wouldn't that be degrading?,
line:22053f7f,L13 Ryan,Ryan_5_Required_ryan_romanced,12,Ryan,Awesome!,
3185b026252747c6,L13 Ryan,Ryan_5_Required_ryan_romanced,13,Ryan,I've always loved giving my biped friends rides...,
d2994ff918a23d86,L13 Ryan,Ryan_5_Required_ryan_romanced,14,Ryan,"Sounds like a date then, I'm excited.",
3fdcf71c3e2f7ea0,L13 Ryan,Ryan_5_Required_ryan_romanced,15,Ryan,Oh! No it wouldn't be. It's fun!,
8bacddc318adc2b9,L13 Ryan,Ryan_5_Required_ryan_romanced,16,Ryan,I give my other bipedal friends rides all the time.,
638c1801c65c6b0c,L13 Ryan,Ryan_5_Required_ryan_romanced,17,Ryan,I'm sure we'll figure something out! just meet me at the pier!,
25f86d817a092ae1,L13 Ryan,Ryan_5_Required_ryan_romanced,18,Ryan,Yeah that sounds pretty good.,
38ae2aec596ab356,L13 Ryan,Ryan_5_Required_ryan_romanced,19,Ryan,How are you with seafood?,
d7456d9e85366bc9,L13 Ryan,Ryan_5_Required_ryan_romanced,20,Kobold,Yeah. I like fish!,
925a663e1b23d966,L13 Ryan,Ryan_5_Required_ryan_romanced,21,Kobold,"Hmmm, maybe something else?",
14d1fddd0115ee0d,L13 Ryan,Ryan_5_Required_ryan_romanced,22,Ryan,"Oh, awesome. I'm a big salmon guy.",
6b59acab736bd349,L13 Ryan,Ryan_5_Required_ryan_romanced,23,Ryan,"Well, I'm a dragon- but... You know what I mean.",
334998266afc2476,L13 Ryan,Ryan_5_Required_ryan_romanced,24,Ryan,Sounds like a date then! Seafood then we play it by ear.,
a02af61e18efb0f0,L13 Ryan,Ryan_5_Required_ryan_romanced,25,Ryan,I know a decent equine-kin place by the pier.,
cf73a93aa04fdd02,L13 Ryan,Ryan_5_Required_ryan_romanced,26,Ryan,Its like an equine fusion thing...,
8771d66a0a1ace3e,L13 Ryan,Ryan_5_Required_ryan_romanced,27,Ryan,I like it! I think you'd enjoy it too.,
8cceef523eb8c739,L13 Ryan,Ryan_5_Required_ryan_romanced,28,Ryan,Sounds like a date then!,
5a3b18942c9e3040,L13 Ryan,Ryan_5_Required_ryan_romanced,29,Ryan,"Oh yeah, there's this nice place downtown called wings.",
4d1b2eff2bb69d21,L13 Ryan,Ryan_5_Required_ryan_romanced,30,Ryan,I think that would make a decent place! They put on good shows every night.,
ebbcfde5ce6709d6,L13 Ryan,Ryan_5_Required_ryan_romanced,31,Ryan,"Could do that, then get a hotel room... Hmm.",
line:2b560f59,L13 Ryan,Ryan_5_Required_ryan_romanced,33,Ryan,Oh yeah?,
435234dd4f3b1033,L13 Ryan,Ryan_5_Required_ryan_romanced,34,Ryan,I think a movie could be fun!,
0ef6ac4a015fbebd,L13 Ryan,Ryan_5_Required_ryan_romanced,35,Ryan,What kind of movie are you thinking?,
070ff9504dd2e237,L13 Ryan,Ryan_5_Required_ryan_romanced,36,Kobold,Project Scale mary,
b64ebbe5369b5bbf,L13 Ryan,Ryan_5_Required_ryan_romanced,37,Kobold,Yip-Man - The Final Yip,
45afe74b37ed6bb0,L13 Ryan,Ryan_5_Required_ryan_romanced,38,Kobold,Dragons of the galaxy 2,
a881cd2440d13252,L13 Ryan,Ryan_5_Required_ryan_romanced,39,Ryan,Oh I heard good things about that.,
line:67f14802,L13 Ryan,Ryan_5_Required_ryan_romanced,40,Ryan,Sure!,
00712e7d97f1872a,L13 Ryan,Ryan_5_Required_ryan_romanced,41,Ryan,Yip-Man movies are real corny...,
037e3c0c446d2b14,L13 Ryan,Ryan_5_Required_ryan_romanced,42,Ryan,But I'm sure I'd enjoy it with you!,
b1ac5509459ca2a4,L13 Ryan,Ryan_5_Required_ryan_romanced,43,Ryan,Oh yeah I liked the first one.,
line:52542beb,L13 Ryan,Ryan_5_Required_ryan_romanced,44,Ryan,Sure!,
eb547bf48bc9637e,L13 Ryan,Ryan_5_Required_ryan_romanced,45,Ryan,Sounds like a date then. I'm excited.,
# --- progress: Ryan_5_Required_conrad_romanced | if $ryan_romanced $conrad_romanced ---
1f2c5ed668dc8972,L13 Ryan,Ryan_5_Required_conrad_romanced,1,Ryan,"So, tell me more about conrad!",
522b54ddedc9ae6c,L13 Ryan,Ryan_5_Required_conrad_romanced,2,Kobold,He's been way nicer recently.,
9df47f9485e2d886,L13 Ryan,Ryan_5_Required_conrad_romanced,3,Kobold,He's like... a big softy surrounded by sharp pointy bits.,
2e0446089ab2f237,L13 Ryan,Ryan_5_Required_conrad_romanced,4,Ryan,Oh yeah? He sounds like a bit of a hothead.,
eb926b4bc196ac32,L13 Ryan,Ryan_5_Required_conrad_romanced,5,Ryan,But I know the type... They tend to be big softies on the inside.,
8ea9e02ddeed61e3,L13 Ryan,Ryan_5_Required_conrad_romanced,6,Kobold,Yeah he's improved a lot.,
5085892250461c04,L13 Ryan,Ryan_5_Required_conrad_romanced,7,Kobold,Yup. I like it.,
53011f72775c8ca4,L13 Ryan,Ryan_5_Required_conrad_romanced,8,Ryan,Thats really good to hear.,
4fbcc070e27c4736,L13 Ryan,Ryan_5_Required_conrad_romanced,9,Ryan,Nothing more attractive than a man who can improve!,
aa8e7dea9ad61538,L13 Ryan,Ryan_5_Required_conrad_romanced,10,Ryan,I'm glad you two are working out.,
390bea406a842664,L13 Ryan,Ryan_5_Required_conrad_romanced,11,Ryan,Thats awesome. I'm glad you two are working out.,
f147cd900de98aeb,L13 Ryan,Ryan_5_Required_conrad_romanced,12,Ryan,"Ah, yeah, those types are pretty cute.",
883fec192f3d1119,L13 Ryan,Ryan_5_Required_conrad_romanced,13,Ryan,"From what I've heard he sounds like he's improved a lot recently, yeah?",
b5060af9808e8c7c,L13 Ryan,Ryan_5_Required_conrad_romanced,14,Kobold,"Mhm, he's trying.",
702195668cf48039,L13 Ryan,Ryan_5_Required_conrad_romanced,15,Kobold,I think he was in a bad environment. He's doing better now.,
1e681c01b417052f,L13 Ryan,Ryan_5_Required_conrad_romanced,16,Ryan,"That's all you can ask for, right?",
9056022b2085d3b7,L13 Ryan,Ryan_5_Required_conrad_romanced,17,Ryan,I'm glad you two are working out though.,
932d7df9b58f5376,L13 Ryan,Ryan_5_Required_conrad_romanced,18,Ryan,Thats good to hear.,
# --- progress: Ryan_5_Required_ryan_conrad_romanced | if $ryan_romanced $conrad_romanced $ryan_conrad_romanced ---
e76e544c771880f3,L13 Ryan,Ryan_5_Required_ryan_conrad_romanced,1,Ryan,Conrad was talking about you during our date.,
line:1121309c,L13 Ryan,Ryan_5_Required_ryan_conrad_romanced,2,Kobold,Oh yeah?,
2e21aa0b86c092fb,L13 Ryan,Ryan_5_Required_ryan_conrad_romanced,3,Kobold,What about?,
271a662aed24f160,L13 Ryan,Ryan_5_Required_ryan_conrad_romanced,4,Ryan,Told me about the time he got beat up.,
1b0b214cb2df69ec,L13 Ryan,Ryan_5_Required_ryan_conrad_romanced,5,Ryan,I think you helped him a lot more than you realize.,
ad14c398c575824b,L13 Ryan,Ryan_5_Required_ryan_conrad_romanced,7,Kobold,Was just doing my job!,
daddaa15545566ce,L13 Ryan,Ryan_5_Required_ryan_conrad_romanced,8,Ryan,"Sure, but he needed someone who cared in that moment.",
f03747feadc10e71,L13 Ryan,Ryan_5_Required_ryan_conrad_romanced,9,Ryan,"He hadn't been... Well, cared about in a long time from what I could gather.",
2ed3613575959ca6,L13 Ryan,Ryan_5_Required_ryan_conrad_romanced,10,Ryan,Even though you were just doing your job... I think it helped him a lot.,
658add118bb17ed5,L13 Ryan,Ryan_5_Required_ryan_conrad_romanced,11,Ryan,"So, thanks on his behalf for caring.",
8ca78aefdf9d3b44,L13 Ryan,Ryan_5_Required_ryan_conrad_romanced,12,Ryan,I know he can be a bit hot headed and forget to thank folks.,
9176dd2bd815750c,L13 Ryan,Ryan_5_Required_ryan_conrad_romanced,13,Kobold,Aw... Thanks.,
5a4dcf1ccff086af,L13 Ryan,Ryan_5_Required_ryan_conrad_romanced,14,Kobold,That makes me happy to hear.,
6db8bf6280f68edb,L13 Ryan,Ryan_5_Required_ryan_conrad_romanced,15,Ryan,Oh. And one other thing.,
49e6d82bb7d163af,L13 Ryan,Ryan_5_Required_ryan_conrad_romanced,16,Ryan,We also had sex after our date.,
e06e957ec854ab4c,L13 Ryan,Ryan_5_Required_ryan_conrad_romanced,17,Kobold,<size=70%><i>Woah...,
9b2ad1c8b149bf00,L13 Ryan,Ryan_5_Required_ryan_conrad_romanced,19,Ryan,"Hah, yeah. Conrad is definitely experienced...",
bc156217e847a8df,L13 Ryan,Ryan_5_Required_ryan_conrad_romanced,20,Ryan,Whaaat. Nothing wrong with it! figured you'd like to know.,
# --- jerkoff: Ryan_5_JerkOff_Start ---
9fec39c7cefbaca2,L13 Ryan,Ryan_5_JerkOff_Start,1,Ryan,"Heh... Handsy today, huh?",
# --- cum: Ryan_5_Cum ---
6f8c64dde681ced5,L13 Ryan,Ryan_5_Cum,1,Ryan,Oof... Needed that. Thank you.,
# --- mount_start: Ryan_5_Mount_Start ---
c7f3dbd886d929a7,L13 Ryan,Ryan_5_Mount_Start,1,Ryan,The mount? Sure!,
# --- mount_finish: Ryan_5_Mount_Finish ---
48ffbc93e2486713,L13 Ryan,Ryan_5_Mount_Finish,1,Ryan,Huff... Thanks for that.,
# --- outro: Ryan_5_Outro_ryan_romanced | if $ryan_romanced ---
6fc39ec69d974bb4,L13 Ryan,Ryan_5_Outro_ryan_romanced,1,Ryan,I think you got every spot.,
c9e5fbe3317edd3f,L13 Ryan,Ryan_5_Outro_ryan_romanced,2,Ryan,You know what that means...,
f553e58b991e05cc,L13 Ryan,Ryan_5_Outro_ryan_romanced,3,Kobold,DATE NIGHT!,
line:95aa0bf4,L13 Ryan,Ryan_5_Outro_ryan_romanced,5,Ryan,Damn right!,
0eb7accf7a8bffc3,L13 Ryan,Ryan_5_Outro_ryan_romanced,6,Ryan,Means I'm ready to go on a date with a certain kobold.,
e7da2124354de72f,L13 Ryan,Ryan_5_Outro_ryan_romanced,7,Ryan,"I know you need to close down shop. I'll make sure you get the address and we can meet up there, yeah?",
6b7ea0261a825f1b,L13 Ryan,Ryan_5_Outro_ryan_romanced,8,Kobold,Sounds good!,
line:a00f681d,L13 Ryan,Ryan_5_Outro_ryan_romanced,9,Kobold,I'm excited.,
7809df3c2e9fa860,L13 Ryan,Ryan_5_Outro_ryan_romanced,10,Ryan,I'm really looking forward to this.,
line:363f6f6a,L13 Ryan,Ryan_5_Outro_ryan_romanced,11,Ryan,I am too.,
dc9e132cf2897c30,L13 Ryan,Ryan_5_Outro_ryan_romanced,12,Ryan,"Alright, go get the gate and I'll head out to the spot!",
7d5a43fcbb4e03de,L13 Ryan,Ryan_5_Outro_ryan_romanced,13,Ryan,See you soon.,
# --- outro: Ryan_5_Outro_conrad_romanced | if $ryan_romanced $conrad_romanced ---
b050469dea41d597,L13 Ryan,Ryan_5_Outro_conrad_romanced,2,Ryan,Thanks for helping me out.,
25ec1c59caa5e66c,L13 Ryan,Ryan_5_Outro_conrad_romanced,3,Kobold,I'm always happy to give you a wash!,
2a67fb93196e8722,L13 Ryan,Ryan_5_Outro_conrad_romanced,5,Ryan,Oh- Not just the wash.,
2140dcb75dc2d0f9,L13 Ryan,Ryan_5_Outro_conrad_romanced,6,Ryan,"Like, in general.",
a6d4dab5c8699946,L13 Ryan,Ryan_5_Outro_conrad_romanced,7,Ryan,The breakup I went through earlier was rough.,
1fd66775cea2eb4b,L13 Ryan,Ryan_5_Outro_conrad_romanced,8,Ryan,This was a nice escape.,
8f4dc96f133fa75c,L13 Ryan,Ryan_5_Outro_conrad_romanced,9,Ryan,And I'm really happy for you and Conrad.,
8ed791569d35f02c,L13 Ryan,Ryan_5_Outro_conrad_romanced,10,Ryan,"I'll see you next time I come in, yeah?",
d38d6a1844481871,L13 Ryan,Ryan_5_Outro_conrad_romanced,11,Kobold,I'm always happy to see you Ryan.,
c88980c837fb6592,L13 Ryan,Ryan_5_Outro_conrad_romanced,12,Kobold,I'll go get the gate for ya',
b1e1c4e40f4aaeec,L13 Ryan,Ryan_5_Outro_conrad_romanced,13,Ryan,You too. Thanks for the wash.,
line:cf716777,L13 Ryan,Ryan_5_Outro_conrad_romanced,14,Ryan,Thanks.,
# --- outro: Ryan_5_Outro_ryan_conrad_romanced | if $ryan_romanced $conrad_romanced $ryan_conrad_romanced ---
c5f14714a1e0439c,L13 Ryan,Ryan_5_Outro_ryan_conrad_romanced,8,Ryan,This was a wonderful escape...,
3eb55bf5de9c718b,L13 Ryan,Ryan_5_Outro_ryan_conrad_romanced,9,Ryan,You also introduced me to Conrad.,
7aa8987bf569468c,L13 Ryan,Ryan_5_Outro_ryan_conrad_romanced,10,Ryan,He's great.,
line:fbba1293,L13 Ryan,Ryan_5_Outro_ryan_conrad_romanced,15,Ryan,Thanks.,

# ===== Level 14: Conrad (Night) =====
# --- intro: Conrad_Intro_5 ---
line:4dac3d2b,L14 Conrad,Conrad_Intro_5,1,Conrad,Something went wrong with flags!,
line:db9c3a5c,L14 Conrad,Conrad_Intro_5,2,Conrad,Help the developers out please..,
# --- intro: Conrad_5_intro_ryan_romanced | if $ryan_conrad_romanced $conrad_romanced $ryan_romanced ---
ab4070df9f9d3980,L14 Conrad,Conrad_5_intro_ryan_romanced,1,Conrad,"<size=140%>HEY, <size=100%>lookin' for a wash.",
8597b1ea1423580d,L14 Conrad,Conrad_5_intro_ryan_romanced,2,Kobold,Hey Conrad.,
3ed1272125c54574,L14 Conrad,Conrad_5_intro_ryan_romanced,3,Kobold,What brings you in so late?,
d90de33a2137108a,L14 Conrad,Conrad_5_intro_ryan_romanced,4,Conrad,"Yuh, that's me.",
2ca9d5b1cf89ccc8,L14 Conrad,Conrad_5_intro_ryan_romanced,5,Conrad,Goin' downtown tonight. Needed to be spotless. Say...,
f5ebf2a456433609,L14 Conrad,Conrad_5_intro_ryan_romanced,6,Conrad,Heard about you and the big blue guy. Ryan was it?,
061d649bf4c733b7,L14 Conrad,Conrad_5_intro_ryan_romanced,7,Conrad,Bet you had fun.,
4193e2b4730c89ad,L14 Conrad,Conrad_5_intro_ryan_romanced,8,Conrad,Hope it went well.,
63ecf81d4e111712,L14 Conrad,Conrad_5_intro_ryan_romanced,9,Kobold,It did! Thanks for asking.,
0c7c795d2dd5eb76,L14 Conrad,Conrad_5_intro_ryan_romanced,10,Kobold,It went well.,
ae61bf1949b59852,L14 Conrad,Conrad_5_intro_ryan_romanced,12,Conrad,Now!,
25ba5fd876754270,L14 Conrad,Conrad_5_intro_ryan_romanced,13,Conrad,Conrad needs a wash!,
# --- intro: Conrad_5_intro_conrad_romanced | if $ryan_conrad_romanced $conrad_romanced $ryan_romanced ---
76777c9ea422832b,L14 Conrad,Conrad_5_intro_conrad_romanced,1,Conrad,Hey good lookin',
0b7efee62380b6cd,L14 Conrad,Conrad_5_intro_conrad_romanced,2,Conrad,How do I look?,
060982be63865e2c,L14 Conrad,Conrad_5_intro_conrad_romanced,3,Kobold,Very cool,
b6fff34d007d61c9,L14 Conrad,Conrad_5_intro_conrad_romanced,4,Kobold,Ehh..,
806a4d3418ed236d,L14 Conrad,Conrad_5_intro_conrad_romanced,5,Conrad,Yea! I do!,
4bd075c280186208,L14 Conrad,Conrad_5_intro_conrad_romanced,6,Conrad,Not for a date though.,
777560a71762cf9b,L14 Conrad,Conrad_5_intro_conrad_romanced,7,Conrad,Lets wash it off for our date tonight then.,
364ea49c3b6c9895,L14 Conrad,Conrad_5_intro_conrad_romanced,8,Conrad,Ha!,
3ef6b1f5eeda632e,L14 Conrad,Conrad_5_intro_conrad_romanced,9,Conrad,Just having fun.,
ec760ba3440257aa,L14 Conrad,Conrad_5_intro_conrad_romanced,10,Conrad,Ok lets wash it off for our date tonight then.,
line:d66b9155,L14 Conrad,Conrad_5_intro_conrad_romanced,11,Kobold,I'm excited.,
300d848a1b6703e2,L14 Conrad,Conrad_5_intro_conrad_romanced,12,Kobold,Gotta make sure you're spotless!,
line:405b9622,L14 Conrad,Conrad_5_intro_conrad_romanced,13,Conrad,I am too.,
260d7e3607c0eca1,L14 Conrad,Conrad_5_intro_conrad_romanced,14,Conrad,Heh... Damn right.,
d875bd1d6febfd53,L14 Conrad,Conrad_5_intro_conrad_romanced,15,Conrad,I'm pumped.,
a652a464f67481de,L14 Conrad,Conrad_5_intro_conrad_romanced,16,Conrad,Already got seats at that bar I mentioned earlier.,
ce3783abd13119b6,L14 Conrad,Conrad_5_intro_conrad_romanced,17,Conrad,The vibe at night is fuckin' great.,
18ed0c57d649df67,L14 Conrad,Conrad_5_intro_conrad_romanced,18,Conrad,You'll like it.,
# --- intro: Conrad_5_intro_ryan_conrad_romanced | if $ryan_conrad_romanced $conrad_romanced $ryan_romanced ---
9ec8a28e82bf29dd,L14 Conrad,Conrad_5_intro_ryan_conrad_romanced,1,Conrad,Heeeey.,
ce0517f9b97181e5,L14 Conrad,Conrad_5_intro_ryan_conrad_romanced,2,Kobold,Whats got you in a good mood?,
9560e52eac466c54,L14 Conrad,Conrad_5_intro_ryan_conrad_romanced,4,Conrad,My date with Ryan was...,
f1afc0e7b46c4e3f,L14 Conrad,Conrad_5_intro_ryan_conrad_romanced,5,Conrad,Really damn good!,
line:ab3a5d9c,L14 Conrad,Conrad_5_intro_ryan_conrad_romanced,6,Conrad,Hey there.,
4b512432c16ce478,L14 Conrad,Conrad_5_intro_ryan_conrad_romanced,9,Conrad,Sorry for coming in late. My sleeps borked.,
258282b3a0c1182a,L14 Conrad,Conrad_5_intro_ryan_conrad_romanced,10,Conrad,I'm just here for a wash though.,
b67855af6a6d0c66,L14 Conrad,Conrad_5_intro_ryan_conrad_romanced,11,Kobold,You'll have to give me all the Ryan details soon.,
9ab1cc314a249eac,L14 Conrad,Conrad_5_intro_ryan_conrad_romanced,12,Kobold,Alright! I'll go get the gate.,
1d28eb42dcdd879d,L14 Conrad,Conrad_5_intro_ryan_conrad_romanced,13,Conrad,Don't worry. I will.,
line:5183a6f2,L14 Conrad,Conrad_5_intro_ryan_conrad_romanced,14,Conrad,Thanks.,
# --- progress: Conrad_5_required_ryan_romanced | if $ryan_romanced ---
189bf8eff795718a,L14 Conrad,Conrad_5_required_ryan_romanced,1,Conrad,"Ey, sorry for coming in late.",
cf69f255df6f95af,L14 Conrad,Conrad_5_required_ryan_romanced,2,Kobold,It's fine. I close in about an hour.,
3aa0d9279bff43d9,L14 Conrad,Conrad_5_required_ryan_romanced,3,Kobold,You can come in whenever!,
f135fa715daf4f0c,L14 Conrad,Conrad_5_required_ryan_romanced,4,Conrad,Ah. Okay nevermind I'm not sorry then.,
line:aea0be6b,L14 Conrad,Conrad_5_required_ryan_romanced,5,Conrad,"Aw, thanks.",
b127befdbae1da68,L14 Conrad,Conrad_5_required_ryan_romanced,6,Conrad,Your date with Ryan.,
line:dd197e7c,L14 Conrad,Conrad_5_required_ryan_romanced,7,Conrad,...,
e00a5000d0f2cd2a,L14 Conrad,Conrad_5_required_ryan_romanced,8,Conrad,How was the sex.,
7bd3b05552e5bd75,L14 Conrad,Conrad_5_required_ryan_romanced,10,Kobold,Oh. Uhm. <size=70%>Good.,
051b72b94276cf81,L14 Conrad,Conrad_5_required_ryan_romanced,11,Conrad,"Hey, nothin' wrong with asking!",
d5e5e7ee92b23759,L14 Conrad,Conrad_5_required_ryan_romanced,12,Conrad,Sounds like it was good then.,
83e2bb850a49b35e,L14 Conrad,Conrad_5_required_ryan_romanced,13,Conrad,"Hah, I imagine it would be.",
9f69f9b215b926ee,L14 Conrad,Conrad_5_required_ryan_romanced,14,Conrad,You do know how to use your hands pretty well.,
2c910bcdb2651bf0,L14 Conrad,Conrad_5_required_ryan_romanced,15,Conrad,I'm Jealous!,
9e8a396c1742ffde,L14 Conrad,Conrad_5_required_ryan_romanced,16,Conrad,...But not in like a bad weird way.,
# --- progress: Conrad_5_required_conrad_romanced | if $ryan_romanced $conrad_romanced ---
63b786e95b90bc5e,L14 Conrad,Conrad_5_required_conrad_romanced,1,Conrad,So. Tonight.,
line:a0479425,L14 Conrad,Conrad_5_required_conrad_romanced,3,Kobold,I'm excited.,
line:95e2f7cc,L14 Conrad,Conrad_5_required_conrad_romanced,4,Conrad,Yeah.,
line:03d2f0bb,L14 Conrad,Conrad_5_required_conrad_romanced,5,Conrad,...,
6a74a80cafdccde8,L14 Conrad,Conrad_5_required_conrad_romanced,6,Conrad,You should be.,
06318559748ee640,L14 Conrad,Conrad_5_required_conrad_romanced,7,Conrad,You're going to love it.,
6c4d5b09c5034364,L14 Conrad,Conrad_5_required_conrad_romanced,8,Conrad,The lights in the area are great too.,
95e9b7e01259ac1e,L14 Conrad,Conrad_5_required_conrad_romanced,9,Conrad,Really sets the mood.,
66e39f6379268a82,L14 Conrad,Conrad_5_required_conrad_romanced,10,Kobold,Save your mood setting for tonight!,
line:6e82e54c,L14 Conrad,Conrad_5_required_conrad_romanced,11,Kobold,Oh yeah?,
f9ae65b8ce359331,L14 Conrad,Conrad_5_required_conrad_romanced,12,Conrad,Hah. Fine.,
1d1baaa8db27cb04,L14 Conrad,Conrad_5_required_conrad_romanced,13,Conrad,Oh yeah.,
ff84a4b13b8be2a4,L14 Conrad,Conrad_5_required_conrad_romanced,14,Conrad,Once I'm cleaned up I'm gonna head out and get our spot ready.,
# --- progress: Conrad_5_required_ryan_conrad_romanced | if $ryan_romanced $conrad_romanced $ryan_conrad_romanced ---
1598446fc49cdf80,L14 Conrad,Conrad_5_required_ryan_conrad_romanced,1,Conrad,Ryan's such a nice dragon.,
e2e3e43114ab1531,L14 Conrad,Conrad_5_required_ryan_conrad_romanced,2,Kobold/Conrad,He really is.,
line:04b29e42,L14 Conrad,Conrad_5_required_ryan_conrad_romanced,2,Kobold,He really is.,
73f5014bc8782ad4,L14 Conrad,Conrad_5_required_ryan_conrad_romanced,4,Conrad,"Yeah, he's so kind to me.",
953a9b287930c86a,L14 Conrad,Conrad_5_required_ryan_conrad_romanced,5,Conrad,He's... Considerate. Real understanding too.,
41d3eda9c195fe48,L14 Conrad,Conrad_5_required_ryan_conrad_romanced,6,Conrad,When I met him at first I was falling back on my old script.,
42fb7bc16778c0a5,L14 Conrad,Conrad_5_required_ryan_conrad_romanced,7,Conrad,... Being a bit of a jerk honestly.,
66ad79997bc62825,L14 Conrad,Conrad_5_required_ryan_conrad_romanced,8,Conrad,He just... Knew what to say to snap me out of all that.,
7f8b591142c62352,L14 Conrad,Conrad_5_required_ryan_conrad_romanced,9,Kobold,That's really nice!,
98e27e864ef9bcd4,L14 Conrad,Conrad_5_required_ryan_conrad_romanced,10,Kobold,Ryan is a sweetheart,
7d6c8c039970d352,L14 Conrad,Conrad_5_required_ryan_conrad_romanced,11,Conrad,Yeah... He's really great.,
line:c7e1b369,L14 Conrad,Conrad_5_required_ryan_conrad_romanced,12,Conrad,He really is.,
5e25d0f2371f53e0,L14 Conrad,Conrad_5_required_ryan_conrad_romanced,13,Conrad,Thanks for introducing me to him.,
# --- jerkoff: Conrad_5_JerkOff_Start ---
c96d891724f6aacb,L14 Conrad,Conrad_5_JerkOff_Start,1,Conrad,Hah... Gonna jerk me off now? That's fine.,
# --- cum: Conrad_5_Cum ---
51bfc34995242b1a,L14 Conrad,Conrad_5_Cum,1,Conrad,Fuuuck. You really know how to work a dragon!,
# --- outro: Conrad_5_outro_ryan_romanced | if $ryan_romanced ---
311729708567a9d6,L14 Conrad,Conrad_5_outro_ryan_romanced,1,Kobold,All done!,
84da55b8523dba73,L14 Conrad,Conrad_5_outro_ryan_romanced,2,Kobold,You're <i>spotless.,
2bde145654bd4a8f,L14 Conrad,Conrad_5_outro_ryan_romanced,3,Conrad,Looks like it.,
af144d6cb4daa5e6,L14 Conrad,Conrad_5_outro_ryan_romanced,4,Conrad,Hell yeah.,
8c873098ac0042a6,L14 Conrad,Conrad_5_outro_ryan_romanced,5,Conrad,Thanks for the wash so late in the night.,
028e30f8adf6e6ad,L14 Conrad,Conrad_5_outro_ryan_romanced,6,Conrad,"You've gotta keep me updated on you and Ryan, yeah?",
a398eca1fb8d9924,L14 Conrad,Conrad_5_outro_ryan_romanced,7,Conrad,Anyways...,
234fc4abfc8d8619,L14 Conrad,Conrad_5_outro_ryan_romanced,8,Conrad,Let the <i>big C</i> out of this place!,
a53a782390260e09,L14 Conrad,Conrad_5_outro_ryan_romanced,9,Kobold,big C...?,
8e369560d1581070,L14 Conrad,Conrad_5_outro_ryan_romanced,10,Kobold,"Okay, Conrad.",
line:227eda5e,L14 Conrad,Conrad_5_outro_ryan_romanced,11,Conrad,...,
f6b30f28e561466d,L14 Conrad,Conrad_5_outro_ryan_romanced,12,Conrad,Yeaaah I'm not sticking with that one.,
ac2b2c6605839727,L14 Conrad,Conrad_5_outro_ryan_romanced,13,Conrad,Hah... Yeah...,
fc66fcc7fd7d0e4d,L14 Conrad,Conrad_5_outro_ryan_romanced,14,Conrad,"Alright, I'll cya!",
# --- outro: Conrad_5_outro_conrad_romanced | if $ryan_romanced $conrad_romanced ---
9333db61bcc08052,L14 Conrad,Conrad_5_outro_conrad_romanced,1,Conrad,All clean...,
8b45593ada7894a3,L14 Conrad,Conrad_5_outro_conrad_romanced,2,Conrad,You know what that means.,
53e54ad7b23e6757,L14 Conrad,Conrad_5_outro_conrad_romanced,3,Kobold,Date night!,
4f319a155b3e572c,L14 Conrad,Conrad_5_outro_conrad_romanced,4,Kobold,I'll have to close up shop first-,
line:64889395,L14 Conrad,Conrad_5_outro_conrad_romanced,5,Conrad,Damn right!,
f3296c9825518630,L14 Conrad,Conrad_5_outro_conrad_romanced,6,Conrad,I'll have to reserve your spot while you close up.,
c215e512d572e96c,L14 Conrad,Conrad_5_outro_conrad_romanced,7,Conrad,"I know, I'll reserve your spot!",
22d803e60de439a9,L14 Conrad,Conrad_5_outro_conrad_romanced,8,Conrad,Alright! I'm ready to go.,
092af5ec90bd21c7,L14 Conrad,Conrad_5_outro_conrad_romanced,9,Conrad,I'll be waiting at the bar for you tonight!,
# --- outro: Conrad_5_outro_ryan_conrad_romanced | if $ryan_romanced $conrad_romanced $ryan_conrad_romanced ---
e079ff157877ea28,L14 Conrad,Conrad_5_outro_ryan_conrad_romanced,1,Conrad,I think you got every spot!,
6749954edebda844,L14 Conrad,Conrad_5_outro_ryan_conrad_romanced,2,Conrad,I'll make sure to get out of your scales.,
2bc72fd03dd6d9e7,L14 Conrad,Conrad_5_outro_ryan_conrad_romanced,3,Conrad,Thanks for letting me in so late.,
f001e3ed4df7e0ee,L14 Conrad,Conrad_5_outro_ryan_conrad_romanced,4,Kobold,No problem!,
9d4a6cd35afcc17e,L14 Conrad,Conrad_5_outro_ryan_conrad_romanced,5,Kobold,"Always happy to have you, Conrad.",
5e4e2c64bc630fa1,L14 Conrad,Conrad_5_outro_ryan_conrad_romanced,6,Conrad,Mmmhm. I'll work on my sleep schedule...,
5c58c3e6d4c7dc65,L14 Conrad,Conrad_5_outro_ryan_conrad_romanced,7,Conrad,Thanks. I'm always happy to be here.,
163137d1bff25904,L14 Conrad,Conrad_5_outro_ryan_conrad_romanced,8,Conrad,Anyways. Could you go get the gate?,
94d29a68cf0c8c31,L14 Conrad,Conrad_5_outro_ryan_conrad_romanced,9,Conrad,The night 'aint gonna start itself!,

# ===== Level 15: Alexander (Sunny) =====
# --- intro: Alexander_5_intro ---
line:6d5ba814,L15 Alexander,Alexander_5_intro,1,Alexander,Something went wrong with flags!,
line:fc461784,L15 Alexander,Alexander_5_intro,2,Alexander,Help the developers out please..,
bc3d56d7794e4370,L15 Alexander,Alexander_5_intro,6,Kobold,"Hey, Alexander.",
1bef44aeb393caf0,L15 Alexander,Alexander_5_intro,7,Kobold,"Hey, big guy!",
2d8bd7d9bb5f85ba,L15 Alexander,Alexander_5_intro,8,Alexander,Hello.,
line:82698bd1,L15 Alexander,Alexander_5_intro,9,Alexander,Hey there.,
b048841add4ee6cf,L15 Alexander,Alexander_5_intro,10,Alexander,I'm here for a wash.,
beeee2948bf1c30a,L15 Alexander,Alexander_5_intro,11,Alexander,Hope you're doing alright!,
906a59351176dc24,L15 Alexander,Alexander_5_intro,12,Kobold,Yeah! Just went on a date with Ryan.,
2a75724b922176cf,L15 Alexander,Alexander_5_intro,13,Alexander,Oh yeah? The sky blue drake I've seen around?,
1f4da5e1dde7e17c,L15 Alexander,Alexander_5_intro,14,Alexander,Wonderful to hear you're seeing someone!,
50f1967e1e33cecf,L15 Alexander,Alexander_5_intro,15,Kobold,Yeah! Just went on a date with Conrad.,
0738da2a76bc2231,L15 Alexander,Alexander_5_intro,16,Alexander,Oh yeah? The little red drake?,
896dc87e931d64eb,L15 Alexander,Alexander_5_intro,18,Kobold,I am! Even better now that you're here.,
0786859cb08f5ef9,L15 Alexander,Alexander_5_intro,19,Kobold,I'm doing good!,
414ed962f4c8a03a,L15 Alexander,Alexander_5_intro,20,Alexander,Oh. That's... Wonderful!,
10cdda610834ef77,L15 Alexander,Alexander_5_intro,21,Alexander,I'm happy to be here too.,
346865d8c1dd9693,L15 Alexander,Alexander_5_intro,22,Alexander,Wonderful to hear.,
f9ccb379ac224d71,L15 Alexander,Alexander_5_intro,23,Alexander,"Anywho, I'm in need of a clean.",
4e576daaec5a2d15,L15 Alexander,Alexander_5_intro,24,Kobold,On it!,
42dbc75670fc6105,L15 Alexander,Alexander_5_intro,26,Alexander,Looking forward to the wash.,
line:316bb26e,L15 Alexander,Alexander_5_intro,27,Alexander,Thanks.,
# --- progress: Alexander_5_romance_route | if $ryan_conrad_romanced ---
line:1b6c7f75,L15 Alexander,Alexander_5_romance_route,1,Alexander,Hey there.,
067e958be39127d9,L15 Alexander,Alexander_5_romance_route,4,Alexander,I was thinking...,
4dd6f1ad9c86a533,L15 Alexander,Alexander_5_romance_route,5,Alexander,Do you believe I am attractive?,
303f7b0a567bfb2b,L15 Alexander,Alexander_5_romance_route,6,Kobold,YES.,
09141003dee8665c,L15 Alexander,Alexander_5_romance_route,7,Kobold,I do!,
43c22d680a102c02,L15 Alexander,Alexander_5_romance_route,8,Kobold,I think you're good looking.,
line:4399096b,L15 Alexander,Alexander_5_romance_route,9,Alexander,Oh.,
4d433e9df480be59,L15 Alexander,Alexander_5_romance_route,10,Alexander,I'm glad!,
c2ec019426b864e2,L15 Alexander,Alexander_5_romance_route,11,Alexander,That... makes me feel a lot more sure of myself then.,
2819c10656ee517a,L15 Alexander,Alexander_5_romance_route,12,Alexander,Truly?,
line:e00c6df5,L15 Alexander,Alexander_5_romance_route,14,Alexander,Thanks.,
8fa16c7b8108298a,L15 Alexander,Alexander_5_romance_route,15,Alexander,That makes me feel a lot more sure of myself then.,
4f6ee313463724ba,L15 Alexander,Alexander_5_romance_route,16,Alexander,That brings me to my next question...,
96ec8add863c6173,L15 Alexander,Alexander_5_romance_route,17,Alexander,Would you care to join me at the college library this evening...?,
558dbfba7857e37d,L15 Alexander,Alexander_5_romance_route,18,Alexander,It would be a... date. As most would say.,
76eea215ea7ba450,L15 Alexander,Alexander_5_romance_route,19,Kobold,"<gradient=""gold""><b> I wouldn't mind! </b></gradient><size=70%> (Will lead to Alexander romance!)",
500188b2a2627768,L15 Alexander,Alexander_5_romance_route,20,Kobold,"<gradient=""gold""><b> I'm going to be busy tonight. Sorry. </b></gradient><size=70%> (Will lead to no romance!)",
line:36d49875,L15 Alexander,Alexander_5_romance_route,21,Alexander,Wonderful!,
96b6a8b07a0781d0,L15 Alexander,Alexander_5_romance_route,22,Alexander,I've been considering asking you this for a while now.,
942b49a7c66fb0bf,L15 Alexander,Alexander_5_romance_route,23,Alexander,Ah. Do not worry.,
b1cb9d9c9d3d9661,L15 Alexander,Alexander_5_romance_route,24,Alexander,Very well. Don't let me interrupt the wash then!,
# --- progress: Alexander_5_required ---
861a7c80ccb8a4ba,L15 Alexander,Alexander_5_required,1,Alexander,"So, how was your date?",
3481be04c35d76a2,L15 Alexander,Alexander_5_required,2,Kobold,Was great! Ryan is a sweetheart.,
d26f0d306552c44a,L15 Alexander,Alexander_5_required,3,Kobold,It was great. Conrad is wild. Good wild.,
cf755b67feb7b6d9,L15 Alexander,Alexander_5_required,4,Kobold,It was good. We had sex.,
6af3f2040301f8fa,L15 Alexander,Alexander_5_required,5,Alexander,That's good. You deserve a decent man.,
9b8379de3d387846,L15 Alexander,Alexander_5_required,6,Alexander,I'm certain he also finds you pleasant!,
add751924d595d89,L15 Alexander,Alexander_5_required,7,Kobold,"Thanks, You're pleasant too!",
line:44701902,L15 Alexander,Alexander_5_required,8,Kobold,Thanks!,
01cb42db52da342d,L15 Alexander,Alexander_5_required,9,Alexander,Thanks. That's kind of you to say.,
line:d2401e75,L15 Alexander,Alexander_5_required,10,Alexander,Of course!,
a8ab7e0a75fdc69c,L15 Alexander,Alexander_5_required,11,Alexander,"Hah, he seems like the wild type.",
5bac15668ef9b115,L15 Alexander,Alexander_5_required,12,Alexander,I'm glad you enjoy him. I'm certain he finds you pleasant.,
line:e7e57d9c,L15 Alexander,Alexander_5_required,14,Kobold,Thanks!,
line:76f8c20c,L15 Alexander,Alexander_5_required,16,Alexander,Of course!,
line:87233429,L15 Alexander,Alexander_5_required,17,Alexander,Oh.,
line:1113335e,L15 Alexander,Alexander_5_required,18,Alexander,...,
line:ab423ac7,L15 Alexander,Alexander_5_required,19,Alexander,Wonderful!,
cb8f422bf973d563,L15 Alexander,Alexander_5_required,20,Alexander,Must mean you two are a good match.,
# --- jerkoff: Alexander_5_JerkOff_Start ---
caa4d660ab8d004d,L15 Alexander,Alexander_5_JerkOff_Start,1,Alexander,<i> that feels nice...</i>,
# --- cum: Alexander_5_Cum ---
3eb65bb3b11e901c,L15 Alexander,Alexander_5_Cum,1,Alexander,Oh- I'm sorry for making a mess...,
# --- mount_start: Alexander_5_Mount_Start ---
6df0c2c2617b9905,L15 Alexander,Alexander_5_Mount_Start,1,Alexander,Oh my. I suppose I could use the mount!,
# --- mount_finish: Alexander_5_Mount_Finish ---
31ea4258e44c77e4,L15 Alexander,Alexander_5_Mount_Finish,1,Alexander,Nnf... I believe I needed that. Thank you.,
# --- outro: Alexander_5_Outro ---
026554f86388b721,L15 Alexander,Alexander_5_Outro,1,Alexander,Thanks for the clean.,
7f37ff79ee94bd0b,L15 Alexander,Alexander_5_Outro,2,Alexander,Tonight- on campus. The library is the large blue spire building.,
f5e9b1cef9c39e89,L15 Alexander,Alexander_5_Outro,3,Alexander,"Approach the dragon entrance, and I will let you in.",
line:b5d7d26f,L15 Alexander,Alexander_5_Outro,4,Alexander,I'm excited.,
5832139d604c3ee8,L15 Alexander,Alexander_5_Outro,5,Kobold,So am I!,
6ed2300bf162b1de,L15 Alexander,Alexander_5_Outro,6,Kobold,Sounds really cool.,
line:99b6dc81,L15 Alexander,Alexander_5_Outro,7,Alexander,I'm glad.,
ada4e05c4d451f61,L15 Alexander,Alexander_5_Outro,8,Alexander,It is indeed rather cool.,
6068953467a952bf,L15 Alexander,Alexander_5_Outro,9,Alexander,I'll get out of your scales now. Thank you for the wash.,
7ca9216de53b82e5,L15 Alexander,Alexander_5_Outro,10,Alexander,See you tonight.,
4f8eb9eeb14b2f7d,L15 Alexander,Alexander_5_Outro,11,Alexander,That should be every spot.,
991fa15e47275ce0,L15 Alexander,Alexander_5_Outro,12,Alexander,Thank you for the clean!,
6d1255dd43802973,L15 Alexander,Alexander_5_Outro,13,Alexander,I'm happy to have met you.,
5d5e0eafc7ef13d6,L15 Alexander,Alexander_5_Outro,14,Kobold,As am I.,
63b9a103362edd6c,L15 Alexander,Alexander_5_Outro,15,Kobold,"Aw, thanks Alexander.",
6df8f8008c57cbac,L15 Alexander,Alexander_5_Outro,16,Alexander,"Anywho, I'll get out of your scales now.",
1cb7b221b7adda1c,L15 Alexander,Alexander_5_Outro,17,Alexander,Goodbye!,

# ===== Cutscenes (started by game code) =====
# --- Alexander_SexScene ---
266f7a45346224eb,Cutscene,Alexander_SexScene,1,Alexander,We can just lay here...,
43b91c684627d3b6,Cutscene,Alexander_SexScene,2,Alexander,You'll take care of everything?,
# --- Alexander_SexScene_Loop ---
7d085d9765e3c5d6,Cutscene,Alexander_SexScene_Loop,1,Alexander,My-,
f70738ec42aa401d,Cutscene,Alexander_SexScene_Loop,2,Alexander,You are very skilled with your hands,
328ad033a139998d,Cutscene,Alexander_SexScene_Loop,3,Alexander,mmm..,
5ec1f7e700f37c3d,Cutscene,Alexander_SexScene_Loop,4,Alexander/Conrad/Ryan,..,
line:b36eb839,Cutscene,Alexander_SexScene_Loop,4,Alexander,..,
# --- Alexander_SexScene_Cum | if $alexander_sexscene_loops ---
08ab4c0c6ca5fe6f,Cutscene,Alexander_SexScene_Cum,1,Kobold,Is this good?,
069e24aa896ea4cf,Cutscene,Alexander_SexScene_Cum,2,Alexander,Good... That'd be correct.,
2c33dcef91e06624,Cutscene,Alexander_SexScene_Cum,3,Kobold,Good.,
2d731f1625c8064f,Cutscene,Alexander_SexScene_Cum,4,Alexander,I'm... Rather close now,
4650860eb73dd16f,Cutscene,Alexander_SexScene_Cum,5,Kobold,Hold on a little longer for me?,
860ede2808e2507c,Cutscene,Alexander_SexScene_Cum,6,Kobold,Go for it!,
16c36baab1491eb1,Cutscene,Alexander_SexScene_Cum,7,Alexander,V-very well. I'll try.,
24537bfd61baf4a0,Cutscene,Alexander_SexScene_Cum,8,Alexander,I don't believe I can hold back any longer,
a63eed0b6b6a78c7,Cutscene,Alexander_SexScene_Cum,9,Kobold,Not yet. a little longer.,
35f5ee08b67fc0f5,Cutscene,Alexander_SexScene_Cum,10,Kobold,Let go whenever you are ready.,
82af5427ecb85c11,Cutscene,Alexander_SexScene_Cum,11,Alexander,Yes..,
847ec7301eab2bde,Cutscene,Alexander_SexScene_Cum,12,Alexander,Huff...,
c958ed597f3ee7b9,Cutscene,Alexander_SexScene_Cum,13,Alexander,I enjoyed this quite a lot.,
f3be3d62065c0791,Cutscene,Alexander_SexScene_Cum,14,Kobold,I'm happy to hear that.,
6a629fe795ac84d7,Cutscene,Alexander_SexScene_Cum,15,Kobold,What now?,
4cc4342b97114697,Cutscene,Alexander_SexScene_Cum,16,Alexander,Yes... But I believe we need to clean the floors.,
ee63118710aa5c5b,Cutscene,Alexander_SexScene_Cum,17,Alexander,We will need to clean the floors...,
8319d1715d2a4149,Cutscene,Alexander_SexScene_Cum,18,Alexander,<i><size=70%>uh oh.. and the books,
# --- Conrad_SexScene ---
b6d2d6ccb52c5166,Cutscene,Conrad_SexScene,1,Conrad,Oh damn! You really are adventurous!,
e5c48d779d6422b5,Cutscene,Conrad_SexScene,2,Kobold,mmph! (Yea!),
e0ecc38d8bbe3790,Cutscene,Conrad_SexScene,3,Conrad,Dont talk with your mouth full,
# --- Conrad_SexScene_Loop ---
d7e01674d2776085,Cutscene,Conrad_SexScene_Loop,1,Conrad,I honestly don't know how you are doing that.,
9b277d164ba8a630,Cutscene,Conrad_SexScene_Loop,2,Conrad,Im not complaining though.,
73433af885509f84,Cutscene,Conrad_SexScene_Loop,3,Conrad,Hell yea,
line:8c0e2d04,Cutscene,Conrad_SexScene_Loop,4,Conrad,..,
# --- Conrad_SexScene_Cum | if $conrad_sexscene_loops ---
fcfcfc2c31be11e5,Cutscene,Conrad_SexScene_Cum,1,Conrad,You ready for this?,
6b426873374bb7a4,Cutscene,Conrad_SexScene_Cum,2,Kobold,Give me a bit,
91213ceb7548b8dc,Cutscene,Conrad_SexScene_Cum,3,Kobold,Ready!,
72e3cb39cf4a181a,Cutscene,Conrad_SexScene_Cum,4,Conrad,Conrad can go as long as he needs,
3f2d1b3f808a4ec7,Cutscene,Conrad_SexScene_Cum,5,Conrad,I can let loose whenever you are ready,
46438371960f0974,Cutscene,Conrad_SexScene_Cum,6,Kobold,Not yet.,
d893ccbfc95475bc,Cutscene,Conrad_SexScene_Cum,7,Kobold,Let's have it!,
aa1a7618e29e4482,Cutscene,Conrad_SexScene_Cum,8,Conrad,Hey fine by me!,
aa116a5879e94072,Cutscene,Conrad_SexScene_Cum,9,Conrad,I'm impressed.,
45a9ad3bf69b0498,Cutscene,Conrad_SexScene_Cum,10,Conrad,You ready to go back in to the club?,
4db30f4a0f40d350,Cutscene,Conrad_SexScene_Cum,11,Kobold,Sounds good to me!,
# --- Ryan_Conrad_SexScene ---
e86ce51d1dbf8280,Cutscene,Ryan_Conrad_SexScene,1,Ryan,Ryan: I've never done this outside before,
848d254c8d63e6fb,Cutscene,Ryan_Conrad_SexScene,2,Conrad,Conrad: Don't worry about it!,
3e0325398f9de675,Cutscene,Ryan_Conrad_SexScene,3,Conrad,Conrad: I do it all the time,
d55845869b2cd946,Cutscene,Ryan_Conrad_SexScene,4,Ryan,Ryan: I guess it is pretty exciting,
# --- Ryan_Conrad_SexScene_Loop ---
59a6f968c75b792f,Cutscene,Ryan_Conrad_SexScene_Loop,1,Conrad,Conrad: You having a good time?,
836b8c1db049dc01,Cutscene,Ryan_Conrad_SexScene_Loop,2,Ryan,Ryan: Yea definitely. Worried about me?,
dd91f260275b5093,Cutscene,Ryan_Conrad_SexScene_Loop,3,Conrad,Conrad: Conrad just enjoys himself,
bf095ea55cdeb898,Cutscene,Ryan_Conrad_SexScene_Loop,4,Conrad,Conrad: Actually.. I mean..,
5001d1e4b306b6d9,Cutscene,Ryan_Conrad_SexScene_Loop,5,Conrad,Conrad: I want this to go well,
4c3de56e34727c37,Cutscene,Ryan_Conrad_SexScene_Loop,6,Ryan,Ryan: I would say it is going great,
06cb256bd506fa70,Cutscene,Ryan_Conrad_SexScene_Loop,7,Ryan,Ryan: I like that a lot,
2e028541c13b150b,Cutscene,Ryan_Conrad_SexScene_Loop,8,Conrad,Conrad: You feel good,
# --- Ryan_Conrad_SexScene_Cum | if $ryan_conrad_sexscene_loops ---
5142dd3610e4cc0c,Cutscene,Ryan_Conrad_SexScene_Cum,1,Conrad,Conrad: I'm ready to blow,
357806c023d4c85e,Cutscene,Ryan_Conrad_SexScene_Cum,2,Kobold,They keep going,
4e0f42eaaa70c70d,Cutscene,Ryan_Conrad_SexScene_Cum,3,Kobold,They cum,
d8e952b1635e3fe5,Cutscene,Ryan_Conrad_SexScene_Cum,4,Ryan,Ryan: I think I am close too..,
50504d8f1c0a5f1c,Cutscene,Ryan_Conrad_SexScene_Cum,7,Ryan,Ryan: Wow.. Your stature is really the only thing small about you.,
e7a686aecb078b9e,Cutscene,Ryan_Conrad_SexScene_Cum,8,Conrad,Conrad: Damn right!,
98087861fbfaa621,Cutscene,Ryan_Conrad_SexScene_Cum,9,Ryan,Ryan: This was nice,
be1dff750703beb9,Cutscene,Ryan_Conrad_SexScene_Cum,10,Conrad,Conrad: Yea,
# --- Ryan_SexScene ---
caa123c912750ed2,Cutscene,Ryan_SexScene,1,Ryan,Are you sure it will fit?,
c8dda0f1b46383bc,Cutscene,Ryan_SexScene,2,Kobold,Kobolds are very flexible. It will fit.,
849b442f9a88c950,Cutscene,Ryan_SexScene,3,Kobold,Yip,
88f476f3d6ebac8d,Cutscene,Ryan_SexScene,4,Ryan,Ok just tell me if you get uncomfortable or anything.,
# --- Ryan_SexScene_Loop ---
48cf02e6d9e88966,Cutscene,Ryan_SexScene_Loop,1,Ryan,Oh wow..,
8caf602c6f60f544,Cutscene,Ryan_SexScene_Loop,2,Ryan,This is my first time with a Kobold.,
db7bd45c48fe49a2,Cutscene,Ryan_SexScene_Loop,3,Ryan,This is really nice..,
line:3d2df033,Cutscene,Ryan_SexScene_Loop,4,Ryan,..,
# --- Ryan_SexScene_Cum | if $ryan_sexscene_loops ---
eff478354f7f1b18,Cutscene,Ryan_SexScene_Cum,1,Ryan,I think I might be close..,
ddfa0f7133303565,Cutscene,Ryan_SexScene_Cum,2,Kobold,Keep going a little longer please,
f76c951c6c97d8cd,Cutscene,Ryan_SexScene_Cum,3,Kobold,Give it to me!,
27cb363532fd0324,Cutscene,Ryan_SexScene_Cum,4,Ryan,Ok I can do that,
685d8bfcf6988796,Cutscene,Ryan_SexScene_Cum,5,Ryan,It's hard to hold back..,
8fdcf9b73762886e,Cutscene,Ryan_SexScene_Cum,6,Kobold,I still need more!,
5128d4e4a722127f,Cutscene,Ryan_SexScene_Cum,7,Kobold,Do it!,
eb41a8966fdf7cfd,Cutscene,Ryan_SexScene_Cum,8,Ryan,That just makes it harder!,
9c78a3c6942a7982,Cutscene,Ryan_SexScene_Cum,9,Ryan,Ok I got this..,
b9ed3621fb6dfbef,Cutscene,Ryan_SexScene_Cum,10,Ryan,That was really fun.,
99955b75e0544165,Cutscene,Ryan_SexScene_Cum,11,Kobold,I agree,
ee60aadc2fcea44d,Cutscene,Ryan_SexScene_Cum,12,Ryan,You can stay here if you want.,
9d29fc6dcfe7c05d,Cutscene,Ryan_SexScene_Cum,13,Ryan,I booked the night.,
3736ec41338c7ad0,Cutscene,Ryan_SexScene_Cum,14,Kobold,I would love to.,

# ===== Dragon reactions (started by game code) =====
# --- DragonAlmostClean ---
bae76fc276bb2030,Reaction,DragonAlmostClean,1,Dragon,"Oh this is better, but I still feel dirty.",
ce6aaf93738f317e,Reaction,DragonAlmostClean,2,Dragon,Do you mind double checking if I'm clean?,
16584052fd337f09,Reaction,DragonAlmostClean,3,Kobold,Okay,
c54cbee211a25e14,Reaction,DragonAlmostClean,4,Kobold,Sure,
line:8b8f57c4,Reaction,DragonAlmostClean,5,Dragon,Thanks!,
# --- DragonAnnoyedByBuzzing ---
d139edc8ffdc22b7,Reaction,DragonAnnoyedByBuzzing,1,Dragon,"Knock that off, we're not done yet. Right?",
631ef624f4506ea7,Reaction,DragonAnnoyedByBuzzing,2,Kobold,Hehe,
line:9504ba33,Reaction,DragonAnnoyedByBuzzing,3,Kobold,...,
# --- DragonColdBalls ---
e820f3ec0397737f,Reaction,DragonColdBalls,1,Dragon,Oh! Bayağı soğuktu!,
8408ed2f21e73811,Reaction,DragonColdBalls,2,Dragon,Off! Soğuk bu!,
46f3ba9fc7d04fa7,Reaction,DragonColdBalls,3,Dragon,Trrr! Su çok soğuk!,
00221b8a2772003a,Reaction,DragonColdBalls,4,Dragon,Ayy!,
# --- DragonConfusedAboutDismissal ---
9b99cd22a6f3f85a,Reaction,DragonConfusedAboutDismissal,1,Dragon,Oh we're done?,
7022570f87a73481,Reaction,DragonConfusedAboutDismissal,2,Dragon,I think you missed a few spots still...,
27db29faa5e11bb6,Reaction,DragonConfusedAboutDismissal,3,Kobold,"Oops, my bad.",
4fff64bb7aeed72f,Reaction,DragonConfusedAboutDismissal,4,Kobold,I didn't know what the button did.,
b0869fc4ea46c5bd,Reaction,DragonConfusedAboutDismissal,5,Dragon,"No worries,",
cb554196ac99a428,Reaction,DragonConfusedAboutDismissal,6,Dragon,Yeah it go BRRT haha.,
345b04bed8d1a7e0,Reaction,DragonConfusedAboutDismissal,7,Dragon,"Anyway glad you're not finished, lets keep at it!",
# --- DragonSatisfiedAndLeaves ---
7a8942e2613fa23c,Reaction,DragonSatisfiedAndLeaves,1,Dragon,Thank you for cleaning me!!,
c92c35bb9f44dac4,Reaction,DragonSatisfiedAndLeaves,2,Dragon,Maybe we can hang out later?,
8aff5108a050bcfa,Reaction,DragonSatisfiedAndLeaves,3,Kobold,Yes!,
2cb6318b9f4550a8,Reaction,DragonSatisfiedAndLeaves,4,Kobold,YES!,
28454e931a2d3578,Reaction,DragonSatisfiedAndLeaves,5,Dragon,Awesome! See you later then!,

# ===== Unused nodes (not reachable in the current game) =====
# --- Alexander_1 ---
31c53bea307f49d0,Unused,Alexander_1,1,Alexander/Ryan,I was helping the alchemist reach a high shelf,
line:fa97376e,Unused,Alexander_1,1,Alexander,I was helping the alchemist reach a high shelf,
f00ea25690e17adf,Unused,Alexander_1,2,Alexander,"I heard a loud bang, I don't think Igwix made it.",
# --- Alexander_2 ---
07874aa669e5cb8c,Unused,Alexander_2,1,Alexander,If we're caught violating another policy my reputation would be in ruins!,
cfe73695b2bdfe19,Unused,Alexander_2,2,Alexander,The college cannot find out about this okay?,
27b11f3f6bf12fe9,Unused,Alexander_2,3,Kobold,Which college?,
2d3935f374b6474e,Unused,Alexander_2,5,Alexander,"The Burnswick Community College of Thaumaturgy, of course!",
7a5128354d6171d0,Unused,Alexander_2,6,Alexander,The most prestigious college hosting prestigious professors like me:,
line:f167e3d7,Unused,Alexander_2,7,Alexander,Alexander!,
line:6757e4a0,Unused,Alexander_2,8,Alexander,...,
b34663a53a6541a7,Unused,Alexander_2,9,Alexander,"Good, I can't be having the Burnswick Community College of Thaumaturgy know that their best professor Alexander has caused another incident.",
line:85f39b27,Unused,Alexander_2,10,Alexander,...,
b39b95373bf40c36,Unused,Alexander_2,11,Alexander,"Oh fudge, forget I said that!",
# --- Alexander_3 ---
2501ad553fd20454,Unused,Alexander_3,1,Alexander,"I'll need to resurrect Igwix, oh how embarrassing!",
7b282582fab597eb,Unused,Alexander_3,2,Alexander,The apothecary will tarnish my name for months.,
# --- Alexander_Dirty ---
950b8260a6ca788f,Unused,Alexander_Dirty,1,Alexander,Look at me! I'll be the laughing stock of my students.,
97733f8db49fb168,Unused,Alexander_Dirty,2,Alexander,Please scrub Igwix off my back would you?,
# --- Alexander_Idle1 ---
6a4162b247e5aae1,Unused,Alexander_Idle1,1,Alexander,I can't believe Igwix would make a mistake like this!,
5e971607fa926b31,Unused,Alexander_Idle1,2,Alexander,"Now I'm out here, agh!",
# --- Alexander_Idle2 ---
2a1b4481e851f727,Unused,Alexander_Idle2,1,Alexander,"I went out of my way for a discrete washing, I was sure I wasn't followed.",
26974d0189f0d75c,Unused,Alexander_Idle2,2,Alexander,I'm sure nobody will know...,
# --- Alexander_Idle3 ---
db8cc14accf5dfe9,Unused,Alexander_Idle3,1,Alexander,"Ah, the grime did sting a little, thank you.",
# --- Alexander_Soapy ---
e17d9103818204a4,Unused,Alexander_Soapy,1,Alexander,This soap isn't fitting for a professor don't you think?,
03c418e790b340c3,Unused,Alexander_Soapy,2,Alexander,Let me know when you're finished rinsing.,
# --- Alexander_Intro ---
f82f410ee41cad07,Unused,Alexander_Intro,1,Alexander,Psst..!,
fedb00f6c13cec68,Unused,Alexander_Intro,2,Kobold,Uh... Hello?,
4359ca4e5c8fc816,Unused,Alexander_Intro,3,Kobold,Who's there?,
9e2816aaa10403b6,Unused,Alexander_Intro,4,Alexander,Shh! I'm not from around here...,
8275f13b67a6687b,Unused,Alexander_Intro,5,Alexander,Are you open right now?,
line:642255fc,Unused,Alexander_Intro,6,Kobold,Of course!,
7409deaefe456a49,Unused,Alexander_Intro,7,Alexander,Phew! I had an accident that needs to be taken care of... discretely.,
afb82d57a9c1ba48,Unused,Alexander_Intro,8,Alexander,Remove this barrier at once so I may enter.,
# --- Alexander_Outro ---
0c2f6e570964b0c1,Unused,Alexander_Outro,1,Alexander,"Goodness, thanks to you I have a chance at redeeming this situation.",
639110e1c4cc2914,Unused,Alexander_Outro,2,Alexander,Say do you remember the name of the college I work at?,
e35f2c7dd32a4059,Unused,Alexander_Outro,3,Kobold,Burnswick Community College of Thaumaturgy,
8e3a0c6c1c068e67,Unused,Alexander_Outro,4,Kobold,You work at a college?,
7bf1556708efd0d8,Unused,Alexander_Outro,5,Kobold,Nope,
79acad09a68bf670,Unused,Alexander_Outro,6,Alexander,"No! I mean, yes, but for the sake of my reputation could you please keep my incursion here to yourself.",
3730dccb6a6582be,Unused,Alexander_Outro,7,Alexander,What? I'm a professor! Can't you tell from my crest?,
56723edcd935d476,Unused,Alexander_Outro,8,Alexander,Oh!,
e0723f4408ee3eda,Unused,Alexander_Outro,9,Alexander,"I see what you're doing, thank you.",
7973db48113175b5,Unused,Alexander_Outro,10,Alexander,"Well great, I appreciate your discretion, I'll be headed off to the apothecary.",
line:67fa34ad,Unused,Alexander_Outro,11,Alexander,==,
95958db076100eb8,Unused,Alexander_Outro,12,Alexander,title: Alexander_Done,
line:4b9b3a43,Unused,Alexander_Outro,13,Alexander,---,
677412526f14044a,Unused,Alexander_Outro,14,Alexander,I'm very satisfied with these results..,
# --- ConradBeatup_1 ---
line:30a74521,Unused,ConradBeatup_1,1,Conrad,...,
72f9c6536242f235,Unused,ConradBeatup_1,2,Kobold,I'm here if you need someone to talk to.,
67410be84ad1b8ac,Unused,ConradBeatup_1,3,Kobold,"I'll take care of this, don't you worry.",
5b207ccbfd5d5679,Unused,ConradBeatup_1,4,Conrad,No.. No it's fine... thank you.,
b2139b5e4dc27f14,Unused,ConradBeatup_1,5,Conrad,... Thank you..,
# --- ConradBeatup_2 ---
b841443b4a7e3b82,Unused,ConradBeatup_2,1,Conrad,Hey thanks for being here for me...,
02febaeeb5306c30,Unused,ConradBeatup_2,2,Conrad,It's nice to have friends to rely on.,
# --- ConradBeatup_Idle1 ---
7ff77420c3518210,Unused,ConradBeatup_Idle1,1,Conrad,"... I thought we were good friends, we have sex all the time!",
13a3bd02487dab16,Unused,ConradBeatup_Idle1,2,Conrad,I don't understand..,
# --- ConradBeatup_Idle2 ---
861f99e073cd06e2,Unused,ConradBeatup_Idle2,1,Conrad,I act tough but am a small dragon...,
e375cf5dd6f03d34,Unused,ConradBeatup_Idle2,2,Conrad,They took it too far.,
# --- ConradBeatup_Intro ---
line:cdb8d8db,Unused,ConradBeatup_Intro,1,Conrad,...,
19aa373fb830a05c,Unused,ConradBeatup_Intro,2,Kobold,Omg you're hurt!,
c7e055a695603f2b,Unused,ConradBeatup_Intro,3,Kobold,Are you okay?,
e4e0397bea6600f5,Unused,ConradBeatup_Intro,4,Conrad,"Hey uh, I just need a cleaning.",
e36f54f748a69d3e,Unused,ConradBeatup_Intro,5,Kobold,"...Okay, come in",
# --- ConradBeatup_OutroDirty ---
e17652524a905f18,Unused,ConradBeatup_OutroDirty,1,Conrad,... you're done? I'm still dirty..,
# --- ConradBeatup_OutroSoapy ---
d0b060d51bc87feb,Unused,ConradBeatup_OutroSoapy,1,Conrad,... you're done? I'm still soapy..,
# --- ConradBeatup_Outro ---
line:ce938344,Unused,ConradBeatup_Outro,1,Conrad,==,
8f8c3127986a0017,Unused,ConradBeatup_Outro,2,Conrad,title: ConradBeatup_OutroDone,
line:e2f28daa,Unused,ConradBeatup_Outro,3,Conrad,---,
# --- Conrad_1 ---
5a208b2886d87937,Unused,Conrad_1,1,Conrad,"Do you also do ""special endings"" here?",
d61259269b75dec9,Unused,Conrad_1,2,Kobold,What's that?,
1ea442a134b2a184,Unused,Conrad_1,4,Kobold,No,
335bcdceb30ec6b8,Unused,Conrad_1,5,Conrad,"Yeah, nah. Mate you gotta get in on this. I'll pay good!",
2f7cc8c297b8d283,Unused,Conrad_1,6,Conrad,Grouse as! Excited to see you work!,
9d1528cc1118e4dd,Unused,Conrad_1,7,Conrad,What? All the best places do it!,
# --- Conrad_2 ---
d892eb1f696177b4,Unused,Conrad_2,1,Conrad,"This place could use a makeover, I know would it could use!",
0eaacb4d2b730370,Unused,Conrad_2,2,Conrad,I've got a guy who can drop a gift by tomorrow that would spruce things up.,
# --- Conrad_5_Mount_Finish ---
28a96495be7701ea,Unused,Conrad_5_Mount_Finish,1,Conrad,Damn... Always feels good.,
# --- Conrad_5_Mount_Start ---
cda9c08deb782b6e,Unused,Conrad_5_Mount_Start,1,Conrad,"<i>Ooooh. </i>The mount? Hell yeah, man.",
# --- Conrad_Idle1 ---
06b2c581e253753a,Unused,Conrad_Idle1,1,Conrad,"People tell me I've got a fat cock, is that true?",
ba07cdd711c7d570,Unused,Conrad_Idle1,2,Kobold,Oh my,
f2ea9d36d2c4032f,Unused,Conrad_Idle1,3,Kobold,I've seen bigger,
25cdc596cd23bedb,Unused,Conrad_Idle1,4,Conrad,You should feel it and check for me,
c3565cd77a3dcba9,Unused,Conrad_Idle1,5,Conrad,"But not in this sized package, right??",
# --- Conrad_Intro ---
bc1e29287f60b297,Unused,Conrad_Intro,1,Conrad,G'day mate!,
f7a29676d9621163,Unused,Conrad_Intro,2,Conrad,"Conrad needs a cleaning, got a slot for 'im?",
8339b88ae51a85f6,Unused,Conrad_Intro,3,Kobold,Yes right this way.,
255d982b3d4c772e,Unused,Conrad_Intro,5,Conrad,Good as!,
# --- Mount_Alexander_2_6 ---
dcc524605bec9fd8,Unused,Mount_Alexander_2_6,1,Alexander,What is..,
d010c18e5ff478ed,Unused,Mount_Alexander_2_6,2,Alexander,Oh goodness no..,
f025190cb1adde9c,Unused,Mount_Alexander_2_6,3,Alexander,"I don't mean to be rude, but I must decline",
eec9d16c87323040,Unused,Mount_Alexander_2_6,4,Alexander,This is a common practice?,
929e50391bfd0646,Unused,Mount_Alexander_2_6,5,Kobold,Oh yes,
b6547fc9d980c16e,Unused,Mount_Alexander_2_6,6,Kobold,No I actually just got it,
40df3c9d9e1d5126,Unused,Mount_Alexander_2_6,7,Alexander,I see..,
d3acad6a7014a598,Unused,Mount_Alexander_2_6,8,Alexander,This feels scandalous,
ab5a3375052f41eb,Unused,Mount_Alexander_2_6,9,Alexander,Though I can't say I am not curious,
c5ba4f5f1cdff517,Unused,Mount_Alexander_2_6,10,Alexander,Even so. Not this time,
# --- RyanDate_1 ---
14ecee0afc63c845,Unused,RyanDate_1,1,Ryan,I'm so excited about this date!,
90ba900c65607127,Unused,RyanDate_1,2,Ryan,"I brought watermelon, bread, grapes, and some other stuff.",
# --- RyanDate_2 ---
690cf2b49eb95f79,Unused,RyanDate_2,1,Ryan,Is something on your mind?,
1648a912c46f7fec,Unused,RyanDate_2,2,Kobold,Something happened last night,
b3979a44b5b9376a,Unused,RyanDate_2,3,Ryan,Oh no! Do you want to talk about it?,
02c33e4e3c09bc79,Unused,RyanDate_2,4,Kobold,"It's just that something happened to Conrad, I hope he's okay.",
7680ca7ff15f1566,Unused,RyanDate_2,5,Ryan,I hope he's okay too.,
# --- RyanDate_3 ---
7ba9e65f61ca2369,Unused,RyanDate_3,1,Ryan,This is delicious!,
ff74b82dcb8a11d3,Unused,RyanDate_3,2,Kobold,"Wow, it's an experience seeing you eat like that.",
5b14f19a86849ff5,Unused,RyanDate_3,3,Ryan,Like what?,
42af2c2067728998,Unused,RyanDate_3,4,Ryan,"Oh like, swallowing things whole?",
37f99dd7cbcf5b6f,Unused,RyanDate_3,5,Ryan,It depends! Dragon thing.,
# --- RyanDate_Idle1 ---
bcda1f48383d915f,Unused,RyanDate_Idle1,1,Ryan,"Hehe, I'm excited to get into the dating scene again.",
# --- RyanDate_Intro ---
d5be54b666b3d38f,Unused,RyanDate_Intro,2,Ryan,"I was thinking about what you said,",
ffcaf369ac8b1a74,Unused,RyanDate_Intro,3,Ryan,you know about getting back into the dating scene...,
89f52a0dc3d757c1,Unused,RyanDate_Intro,4,Kobold,Yeah,
ecab929d37109ab0,Unused,RyanDate_Intro,5,Ryan,"I knew you were too busy, so I figured I'd bring the date to you!",
92d9da0b0b22fd7a,Unused,RyanDate_Intro,6,Kobold,Awesome! Come on in..,
# --- RyanDate_Outro ---
line:e41244bf,Unused,RyanDate_Outro,1,Ryan,==,
617c4e9fdb7890ae,Unused,RyanDate_Outro,2,Ryan,title: RyanDate_OutroDone,
line:97ab84a8,Unused,RyanDate_Outro,3,Ryan,---,
638d7c049f321a6d,Unused,RyanDate_Outro,4,Ryan,That was wonderful! I feel so much better about dating.,
line:bbca8a46,Unused,RyanDate_Outro,5,Ryan,Thank you!,
# --- RyanExploded_Intro ---
8e87e6b28fb697c4,Unused,RyanExploded_Intro,1,Ryan,Hi again..,
53ca70e25fc42870,Unused,RyanExploded_Intro,3,Kobold,You again?,
line:ab5b2574,Unused,RyanExploded_Intro,4,Ryan,Thanks!,
b99d68084de082b6,Unused,RyanExploded_Intro,5,Ryan,heh.. yea.. sorry..,
81f2cb133d548396,Unused,RyanExploded_Intro,6,Ryan,"So yeah, I had a mishap..",
line:e02f464d,Unused,RyanExploded_Intro,7,Ryan,I was helping the alchemist reach a high shelf,
d3e25fe68c13c02d,Unused,RyanExploded_Intro,8,Ryan,I heard a loud bang,
ce386faf68f3df7e,Unused,RyanExploded_Intro,9,Ryan,I don't know where they went but I feel dirty again.,
60c1424a59a1c912,Unused,RyanExploded_Intro,10,Ryan,Any chance you can clean me up again?,
917613bbf36e4b93,Unused,RyanExploded_Intro,11,Kobold,Of course! Right this way!,
line:6fdb2c3d,Unused,RyanExploded_Intro,12,Ryan,Awesome!,
# --- RyanExploded_OutroDirty ---
f2bdff14318fd81c,Unused,RyanExploded_OutroDirty,1,Ryan,I think I can still feel some explosion grime on me...,
6a1900ba2212696d,Unused,RyanExploded_OutroDirty,2,Ryan,Mind washing more?,
85a39ab345d672ff,Unused,RyanExploded_OutroDirty,3,Kobold,Yes,
1562d2eeb95b795a,Unused,RyanExploded_OutroDirty,4,Kobold,My bad,
3bcf70f39eca74f1,Unused,RyanExploded_OutroDirty,5,Ryan,"No problem, thanks!",
# --- RyanExploded_OutroSoapy ---
9df62882448c291b,Unused,RyanExploded_OutroSoapy,1,Ryan,"Uh, I'm still really soapy!",
29d1991e26b1773d,Unused,RyanExploded_OutroSoapy,2,Ryan,Could you wash it away?,
# --- RyanExploded_Outro ---
line:22deeef6,Unused,RyanExploded_Outro,1,Ryan,==,
c5bae834767a347c,Unused,RyanExploded_Outro,2,Ryan,title: RyanExploded_OutroDone,
line:25f35611,Unused,RyanExploded_Outro,3,Ryan,---,
a45ce5a6357ad76f,Unused,RyanExploded_Outro,4,Ryan,"Phew, I was worried I'd make another mess of things.",
ca1dd92cfbe2dcd5,Unused,RyanExploded_Outro,5,Ryan,Now they'll never need to know!,
line:c07a9171,Unused,RyanExploded_Outro,6,Ryan,Thanks!,
# --- RyanMuddy_Dirty ---
58246ed8cfcdfa19,Unused,RyanMuddy_Dirty,1,Ryan,"Yeah so I'm all muddy and stuff, love romping around in the public park.",
f27e94e23a2cc6eb,Unused,RyanMuddy_Dirty,2,Ryan,"I'm still very muddy, if you could soap me up that'd be great.",
# --- RyanMuddy_Idle1 ---
c24aaf031df991a1,Unused,RyanMuddy_Idle1,1,Ryan,"So uhh, let me know if you need me to move.",
8bb630e0c8dc64ac,Unused,RyanMuddy_Idle1,2,Ryan,Just touch me with your hand and I'll try to help.,
# --- RyanMuddy_Idle2 ---
bcee068ce8220b8e,Unused,RyanMuddy_Idle2,1,Ryan,Thanks for cleaning me!,
2c4f3b41240d00cd,Unused,RyanMuddy_Idle2,2,Ryan,Been looking forward to this.,
# --- RyanMuddy_Idle3 ---
e304ea7f521df3f2,Unused,RyanMuddy_Idle3,1,Ryan,When you're done go ahead and hit the button.,
ac51ca95656fffdd,Unused,RyanMuddy_Idle3,2,Ryan,"The button on the wall, I mean.",
# --- RyanMuddy_Idle4 ---
8fd85e09be693fbf,Unused,RyanMuddy_Idle4,1,Ryan,"Max says I'm a clumsy dragon,",
d2261edb51b885d9,Unused,RyanMuddy_Idle4,2,Ryan,I hope that you'll help me prove them wrong!,
# --- RyanMuddy_Idle5 ---
9df1eb0e35a5d36a,Unused,RyanMuddy_Idle5,1,Ryan,"Soap, then rinse!",
5e7b1eae20d0fb72,Unused,RyanMuddy_Idle5,2,Ryan,At least that's what I've heard anyway.,
# --- RyanMuddy_Soapy ---
73d08af95ae8835e,Unused,RyanMuddy_Soapy,1,Ryan,"I love bubbles, they tickle!",
83af94fb3d626970,Unused,RyanMuddy_Soapy,2,Ryan,I'm excited to see them washing down the drain though.,
6bc811f815ef9e24,Unused,RyanMuddy_Soapy,3,Ryan,Use the sprayer on the wall to wash me off.,
# --- RyanMuddy_Idle7 ---
255bd9c513473506,Unused,RyanMuddy_Idle7,1,Ryan,"Wow thanks, that feels good.",
77ff00f75a7c2083,Unused,RyanMuddy_Idle7,2,Ryan,Being muddy is really fun up until it starts drying.,
620caab5d90b8d3f,Unused,RyanMuddy_Idle7,3,Ryan,Happy to get it off.,
# --- RyanMuddy_Idle8 ---
afa88441bc4fc8d9,Unused,RyanMuddy_Idle8,1,Ryan,"Who knew a dragon could get so dirty, huh?",
2ea6d5d46861d1bf,Unused,RyanMuddy_Idle8,2,Ryan,I was romping around the forest,
c65b5342f0285c16,Unused,RyanMuddy_Idle8,3,Ryan,"Only realized how much of a mess I made after Max yelled at me, haha.",
# --- RyanMuddy_Intro ---
299e9d1e919c3a49,Unused,RyanMuddy_Intro,4,Ryan,I heard there was kobolds down here that could wash me up?,
05d9cdcce06b0c12,Unused,RyanMuddy_Intro,6,Kobold,I am THE kobold. Yip!,
d12499a3f17512de,Unused,RyanMuddy_Intro,7,Kobold,"Yes, welcome to Drag'N Wash!",
213c112ac748eb9e,Unused,RyanMuddy_Intro,9,Ryan,"Great, so uh,",
44beadf6316d890e,Unused,RyanMuddy_Intro,12,Ryan,"Oh I see the button there, gotcha!",
af8d3a1f26de30ef,Unused,RyanMuddy_Intro,13,Ryan,Thanks I'll be waiting!,
# --- RyanMuddy_Nag1 ---
3605a9273b22288b,Unused,RyanMuddy_Nag1,1,Ryan,Hey could you come up front where I can see you?,
720febc2a9d251aa,Unused,RyanMuddy_Nag1,2,Ryan,I have something to say!,
# --- RyanMuddy_Nag2 ---
6852c864bbd2afef,Unused,RyanMuddy_Nag2,1,Ryan,I wanna talk face to face!,
0918205f97d74d78,Unused,RyanMuddy_Nag2,2,Ryan,If you could come up front so I could talk.,
# --- RyanMuddy_Nag3 ---
c8f453084718c8cc,Unused,RyanMuddy_Nag3,1,Ryan,I've been told it's polite to talk to smaller folk face to face.,
# --- RyanMuddy_NaughtyTouch ---
4d13604e28159e56,Unused,RyanMuddy_NaughtyTouch,1,Ryan,Patilerine hakim ol!,
# --- RyanMuddy_Outro ---
a46a0805bb6a5eda,Unused,RyanMuddy_Outro,1,Ryan,Thank you for the quick clean!,
168c7d0bb7743dec,Unused,RyanMuddy_Outro,2,Ryan,By the way would you be mad if your partner made a mess at home?,
3ae7f278ef092258,Unused,RyanMuddy_Outro,4,Kobold,Depends,
0dfd80e1f981faca,Unused,RyanMuddy_Outro,6,Ryan,Oh! Yeah that makes sense...,
8f207ab27746c010,Unused,RyanMuddy_Outro,7,Ryan,I suppose it depends on the circumstances.,
86b57f75d4c04b75,Unused,RyanMuddy_Outro,8,Ryan,I knew you'd have my back,
# --- RyanMuddy_SmallTalk ---
0bf9a145c66c512b,Unused,RyanMuddy_SmallTalk,3,Kobold,"This is my first time, actually!",
4eb8bdb270c030ae,Unused,RyanMuddy_SmallTalk,5,Ryan,Oh so it's new for both of us!,
ff152503516900ee,Unused,RyanMuddy_SmallTalk,6,Ryan,It's also new to me...,
13d1c29ec8784cae,Unused,RyanMuddy_SmallTalk,7,Ryan,I'm surprised how nice it is.,
# --- Ryan_3_wont_use_mount ---
9221ab210b374d30,Unused,Ryan_3_wont_use_mount,1,Ryan,Oh- I'm not too interested in using that right now.,
f3f18c2eea794920,Unused,Ryan_3_wont_use_mount,2,Ryan,Maybe later...?,
# --- Start ---
4a7d6d3e8888a86b,Unused,Start,1,Start,Wow!,
51fc886b5198c324,Unused,Start,2,Start,My first ever Yarn script in Unity!,
3f67462d672b7bcf,Unused,Start,3,Kobold,Gosh!,
04d0442b161ea908,Unused,Start,4,Kobold,Incredible!,
75e288b4fb9a6264,Unused,Start,5,Kobold,I'm amazed!,
8324eab8a6e9f930,Unused,Start,6,Start,"Anyway, time to get writing!",
73a58edf82c7d1f9,Unused,Start,7,Start,Test line 1,
44cd17f6b06a1e2a,Unused,Start,8,Start,Test line 2,
5c7f5bd24b7aa929,Unused,Start,9,Start,Test line 3,
182d619fd2759e9e,Unused,Start,10,Start,Test line 4,
1631cc2062d35c85,Unused,Start,11,Start,Test line 5,
8badee5679752364,Unused,Start,12,Start,Test line 6,
dfd4710580ab5eb3,Unused,Start,13,Start,Test line 7,
af31c269dddcddde,Unused,Start,14,Start,Test line 8,
6da123fcc0f5c222,Unused,Start,15,Start,Test line 9,
f9465279bddb54ad,Unused,Start,16,Start,Test line 10,
46be06404c734dec,Unused,Start,17,Start,Test line 11,
7e32f1603f1a8563,Unused,Start,18,Start,Test line 12,
a494dfb9f1a57f33,Unused,Start,19,Start,Test line 13,
f4fc9cefe23a07b7,Unused,Start,20,Start,Test line 14,
627fb5b7002e048a,Unused,Start,21,Start,Test line 15,
dc2099e76df820a2,Unused,Start,22,Start,Test line 16,
10082959f17563f7,Unused,Start,23,Start,Test line 17,
add98a1ef99b1290,Unused,Start,24,Start,Test line 18,

# ===== UI and other text (not part of the dialogue script) =====
fe199528850a4e24,UI,,,UI,Kaldır,
74a883a037bc227f,UI,,,UI,Ayarlar,
130011756125313c,UI,,,UI,Açık,
32e9c976b09bba8d,UI,,,UI,"ModFramework 1.1.0+, Alt yazılar, Diyaloglar, Araç menüsü, Assetler, Flagler ve kayıtlar",
9e6151acb057025d,UI,,,UI,Bağımlılıklar,
065713a108c0577c,UI,,,UI,https://github.com/TomXV/dragnwash-localization,
1236e3be635f17c7,UI,,,UI,"Drag'n Wash'u 14 dilde oynayın. Diyaloglar, seçimler, UI ve seçenekler.",
04ee32b03369cee0,UI,,,UI,v1.1.2   TomXV,
f1bf7f20f1ac8913,UI,,,UI,Drag'n Wash Yerelleştirme,
be27d61a18d3f619,UI,,,UI,Drag'n Wash ModFramework: Araç menüsü,
dc20b3d5d2cddf82,UI,,,UI,Kütüphane,
e64fcdc9b9bbdbcf,UI,,,UI,Drag'n Wash ModFramework: Text,
5b82a6d83757ad27,UI,,,UI,Drag'n Wash ModFramework: Flagler ve kayıtlar,
464d3959feb57cc0,UI,,,UI,Drag'n Wash ModFramework: Diyaloglar,
6d1e01320ec0d0c4,UI,,,UI,Drag'n Wash ModFramework: Assetler,
4db4a2bfc7343827,UI,,,UI,Drag'n Wash ModFramework,
c461dbb2bab7d8bc,UI,,,UI,Pencere Tam Ekran,
b63e857488f49396,UI,,,UI,Pencere Modu,
ca7981b46ecf2c17,UI,,,UI,Kapalı,
4883b7dfffb02e36,UI,,,UI,Gerçek Tam Ekran,
da43a1983d819a4d,UI,,,UI,Genişletilmiş Pencere,
3f26603a2748fed3,UI,,,UI,Serbest Pencere,
052810dae19607f5,UI,,,UI,VSync,
42e7fdbd13ba2a01,UI,,,UI,Framerate Sınırı,
41ca171b0cbae01e,UI,,,UI,Ekran Parlaklığı,
d4055fafa3794fa8,UI,,,UI,Çözünürlük,
6a3041fb3ecba173,UI,,,UI,Kamera FOV'u,
c77c3af22c6429b2,UI,,,UI,Kenar Yumuşatma,
a874fca87cdd5e4e,UI,,,UI,Grafik Ayarları,
e3becbaee46cc0df,UI,,,UI,Dil (Mod),
0286249762f7c943,UI,,,UI,Otomatik,
6c359dddb1d4c36e,UI,,,UI,Kontrolcü İpucu Türü,
3d03a1dea561d0db,UI,,,UI,Anahtar,
91d6e30620d99810,UI,,,UI,Bas/Basılı Tut,
8e685d5409b3a543,UI,,,UI,Basılı Tut,
43ff6e9485bf371e,UI,,,UI,Eğilme Yöntemi,
4571896d8a4d4162,UI,,,UI,Fare Hassasiyeti,
4d654c19179796ef,UI,,,UI,Sprey'in Hareketini Yavaşlat,
fd9baf7f335aa154,UI,,,UI,Pilot Kontrolü,
31bcb8940fffb7d1,UI,,,UI,Oynanış Ayarları,
59a4a3f7f7caa060,UI,,,UI,Çevre Sesleri,
de7b57b57b05d020,UI,,,UI,Ses Efektleri,
b3f848c2a09aa9ed,UI,,,UI,Müzik Seviyesi,
bc1b88907d3b748a,UI,,,UI,Ses Ayarları,
6e58b577a084052a,UI,,,UI,Modlar,
a462b8c590652563,UI,,,UI,Yazı Girin...,
fae07a8540ff237b,UI,,,UI,Gerçekten Kaydı Silmek İstiyor Musun?,
b8564290c0e0b5a8,UI,,,UI,Oynadığınız için teşekkürler!,
e9ef3ed08e160ae3,UI,,,UI,"Emeği Geçenler:
",
d6de61e6e492bf63,UI,,,UI,Jigglebonez,
5bc426e8d81e2f41,UI,,,UI,Leo,
7e8c729e4e4ecc32,UI,,,UI,Sarah,
c8449a6f5de92b03,UI,,,UI,Raliv,
8dc9ce2264ae3d37,UI,,,UI,Naelstrof,
abb999c4cc496598,UI,,,UI,Hopfel,
0548fc94d8b0c0e6,UI,,,UI,hannagreen,
95639378358b68d3,UI,,,UI,Carpet impacts,
bd237658a4713810,UI,,,UI,"Yazım
Çevre Tasarımı
Çevre Modelleme
Çevre Animasyonları",
cafbbc8744fb3f88,UI,,,UI,Halı pati sfx,
eb272d78dafd532b,UI,,,UI,kapı açılma sfx,
a8d44b781e51fdee,UI,,,UI,Tahta darbeleri,
0aac6acbbfb65b17,UI,,,UI,yağmur ve gök gürültüsü,
0d3334cea7a844a6,UI,,,UI,Çeşitli kayıtlar,
130adb8b5416455d,UI,,,UI,Tahta Takırtıları,
353e82a33e16fb82,UI,,,UI,GDC Paketi Parça 4,
6ad2a61accf9a333,UI,,,UI,Daha fazla odun darbesi,
7d3be2c5e37913a0,UI,,,UI,Derin Sakso Boğulma Sesleri,
2982fa3f366a1572,UI,,,UI,numara istasyonu kayıtları,
f0c6a834a89921df,UI,,,UI,Seramik darbeleri,
3a6ac8a265d09d48,UI,,,UI,pencereye çarpan yağmur damlacıkları,
8e0fd89cc7d12fcb,UI,,,UI,Kar adımları,
49eff747f7b66f70,UI,,,UI,gök gürültüsü,
68a1922c728bdca9,UI,,,UI,Cam darbeleri,
519bce7bc2dab47f,UI,,,UI,Gök gürültüsü,
0335f28c78f070f8,UI,,,UI,Slime sfx,
a78a42eddd896aa9,UI,,,UI,Çim adımları,
2ed020831ca96fb6,UI,,,UI,Serbest model darbeleri,
efe86698eb2a6158,UI,,,UI,Karton darbeleri,
b1f6f885318185f3,UI,,,UI,Kaydedilmiş musluk sesi,
18ea5806aee7de2c,UI,,,UI,Şehir ambiansı,
2786fd46c13233d1,UI,,,UI,düğüm pop sfx,
b076d0643d8294e9,UI,,,UI,nox,
4a44ba982588f650,UI,,,UI,mallement,
18afcd98e101c686,UI,,,UI,inspectorj,
613487dfb05f676d,UI,,,UI,poyekhai,
8a09eb97a7cce77e,UI,,,UI,EvilZorak(OpenNSFW),
9713ee2716c21c9f,UI,,,UI,profispiesser,
9f596d75fb21be5c,UI,,,UI,Soniss Game Audio,
068ae96dc695056f,UI,,,UI,lamamakesmusic,
933cacf5a48e5892,UI,,,UI,sagamusix,
6ffa3aeffc3db90b,UI,,,UI,worthahep,
aac48e8922ea1e58,UI,,,UI,Archival,
e8f6f39110924111,UI,,,UI,simpsi,
9ab99ec37a06d162,UI,,,UI,sforsman,
f3fa807efb640654,UI,,,UI,Master of Dreams,
9a467ff6688ce052,UI,,,UI,Ahze,
a203603f60623fe0,UI,,,UI,Bendrain,
ff087b38e9d7de21,UI,,,UI,leafs67,
3a0dd39171c7b65b,UI,,,UI,stephensaldanha,
cf409b6f74dd7508,UI,,,UI,launemax,
6c8791dc35c51e72,UI,,,UI,ZapSplat,
5bad495eb180ad5b,UI,,,UI,hokstnator,
dba5a6469ecc734b,UI,,,UI,stinkhorn,
7d1d5c7f5dc48ea4,UI,,,UI,"Ejder Tasarımları
Ejder Modelleri
Ejder Dokuları",
6eb00b4b2614a144,UI,,,UI,Müzikler,
f1309e22833f158e,UI,,,UI,"Ejder Animasyonları
Sahne Animasyonları
Ejder Rigging",
4bf1bfd492424808,UI,,,UI,"Programlama
Ejder Animasyonları
Kullanıcı Arayüzü
Kurulum Entegrasyonu",
f3d469b0ea13e324,UI,,,UI,"Programlama
İllüstrasyon
2D Animasyonlar",
dd3543e1d5e16d95,UI,,,UI,"Programlama
Ejder Dokuları
Kullanıcı Arayüzü",
ef84c63d8ecb0aed,UI,,,UI,https://github.com/TomXV/dragnwash-modframework,
1a03bd2fd107c453,UI,,,UI,Debug,
3c811513c8d9eda0,UI,,,UI,DumpDialogueKey,
1c003eb26aa006fb,UI,,,UI,F6,
067e5946402e6e73,UI,,,UI,DumpUiTextKey,
d96b6ec75f4e3593,UI,,,UI,F7,
bee92ea3dae8e15f,UI,,,UI,FlagPanelDebug,
982fcd4a43f2f541,UI,,,UI,HotReloadTranslations,
1138c2e1a5445752,UI,,,UI,LayoutOverflowThreshold,
259dd11a5fe5e84f,UI,,,UI,LogDiscoveredKeys,
b0863c7a75a865da,UI,,,UI,VerboseTextLog,
64d0b3adcd2dbe33,UI,,,UI,Font,
f7cae54d8ff235f8,UI,,,UI,PreloadAllLocales,
c910d474dcd724bf,UI,,,UI,General,
c18468a48c686635,UI,,,UI,TargetLocale,
3702fc1866630796,UI,,,UI,ja,
c1c52345c9b88c25,UI,,,UI,Writes every dialogue line the game has loaded to Translations/_discovered/dialogue_lines.csv.,
e2b9759e2326caba,UI,,,UI,Removed when the game next starts,
63e38bd4b036193a,UI,,,UI,Cancel uninstall,
dbd3a49d0d906b4e,UI,,,UI,en,
21b111cbfe6e8fca,UI,,,UI,Default,
3d19e2d0333d7b19,UI,,,UI,Change this in the mod's config file in BepInEx/config.,
6c495f4932c0b67e,UI,,,UI,"Prepare the fonts of every installed language at startup rather than only the one in use. On Direct3D 12 this always happens, because loading a font while the game runs crashes that renderer; turning it on elsewhere makes the first switch to each language instant at the cost of a slower start.",
bc5b45ae7b60692a,UI,,,UI,Reset to default,
67529e7fdc6098a0,UI,,,UI,Saved right away. Some mods only use a change after a restart.,
b9d0dd131d07b5ad,UI,,,UI,"Shared tools for Drag'n Wash mods, including this Mods screen.",
4850b174b713d88c,UI,,,UI,Required,
22e2bada8f1c65cd,UI,,,UI,Updates,
f26f3275e735bdf6,UI,,,UI,Check for updates,
a6a1b13028fd8c9c,UI,,,UI,"Once a day, ask GitHub whether mods that name their GitHub repository have a newer release. Nothing about you or your game is sent.",
4a3370cdde3e93b5,UI,,,UI,v1.0.0   TomXV,
e6af4688a3314648,UI,,,UI,"One shared in-game window (F1) where mods add tabs for their developer and debug tools, usable with mouse, gamepad and on the Steam Deck.",
966e2f6e640f0be4,UI,,,UI,ModFramework,
fd35647f8ecb2f7d,UI,,,UI,Needed by,
2277a4269b0a8035,UI,,,UI,FontMode,
929260ad9b9ea9fe,UI,,,UI,auto,
c37dc0f17f3c5448,UI,,,UI,ToggleKey,
deae2d4d75857c10,UI,,,UI,F1,
2f27308da7a50245,UI,,,UI,"Font for the tool window: auto (an OS font with Japanese and Chinese, else the bundled one), builtin (Unity's built-in font, ASCII only), skin (the IMGUI skin's font).",
507e6f82c57c2096,UI,,,UI,"Reads and changes the game's save slots and event flags, and keeps a copy of every version of each save so any change can be undone.",
0e76960093379060,UI,,,UI,History,
92c1cdfdf4cb9cf6,UI,,,UI,Enabled,
183f00f483d3844e,UI,,,UI,Keep,
2494f4e62d49edd7,UI,,,UI,Keep a copy in BepInEx/SaveHistory every time the game writes a save. Copies are always taken before a mod changes a save.,
e33072d0f0267e46,UI,,,UI,"Tells mods which line of dialogue or option is about to be shown, with its line ID and speaker.",
3839cc8c85e0dab6,UI,,,UI,"Fonts for text the game's own fonts cannot show, and loading of textures and asset bundles, done so they do not crash Direct3D 12.",
3680fcad01f4bfc6,UI,,,UI,Fonts,
5010898da2706278,UI,,,UI,AtlasPointSize,
8011d40f3e21c751,UI,,,UI,"Point size glyphs are rasterized at for the fallback fonts. Higher is sharper. Glyphs are rasterized when a mod prepares its text, usually at startup, so raising this costs loading time rather than performance during play.",
dabd3aff769f07eb,UI,,,UI,<,
62b67e1f685b7fef,UI,,,UI,>,
